group,repo,stars,fork_of,has_python_config,external,reason
descent,fjclark/des-lj-fitting,0,,False,False,duplicate
descent,lilyminium/2026-polymers,0,,False,False,self
descent,openforcefield/back-to-school-jen,2,,False,False,self
descent,SimonBoothroyd/descent-ff,5,,False,False,duplicate
openff-qcsubmit,asapdiscovery/asapdiscovery,50,,True,False,duplicate
openff-qcsubmit,bismuthadams1/ActiveLearningSandbox,0,,True,False,duplicate
openff-qcsubmit,bismuthadams1/charge_paper,0,,False,False,duplicate
openff-qcsubmit,choderalab/create-rna-nucleoside-dataset,0,,False,False,duplicate
openff-qcsubmit,choderalab/geometry-benchmark-espaloma,0,,False,False,duplicate
openff-qcsubmit,cole-group/presto-benchmarking,0,,True,False,duplicate
openff-qcsubmit,conda-forge/openff-qcsubmit-feedstock,0,,False,False,meta
openff-qcsubmit,dellacortelab/trip,8,,False,True,
openff-qcsubmit,finlayiainmaclean/opensqm,0,,True,False,duplicate
openff-qcsubmit,fjclark/descent-workflow,0,,True,False,duplicate
openff-qcsubmit,greener-group/garnet,10,,True,False,duplicate
openff-qcsubmit,JHoeflich1/OpenFFLipid,0,,False,False,duplicate
openff-qcsubmit,jthorton/BespokeFit-PLB,1,,False,False,duplicate
openff-qcsubmit,jthorton/double-exp-vdw,4,,False,False,duplicate
openff-qcsubmit,lilyminium/2026-polymers,0,,False,False,self
openff-qcsubmit,lilyminium/ash-sage-rc1,0,,False,False,self
openff-qcsubmit,lilyminium/compare-cresset-torsions,0,,False,False,self
openff-qcsubmit,lilyminium/fit-virtual-sites,0,,False,False,self
openff-qcsubmit,lilyminium/openff-strike-team,0,,False,False,self
openff-qcsubmit,lilyminium/profile-qc-data,0,,True,False,self
openff-qcsubmit,lilyminium/protein-ff-fits,0,,False,False,self
openff-qcsubmit,lilyminium/qca-datasets-report,0,,False,False,self
openff-qcsubmit,lilyminium/sage-2.2.0-looser-msm,0,,False,False,self
openff-qcsubmit,lilyminium/sage-2.2.2-looser-msm,0,,False,False,self
openff-qcsubmit,lilyminium/sage-2.3.0-nagl,0,,False,False,self
openff-qcsubmit,lilyminium/scrapbook-projects,0,,False,False,self
openff-qcsubmit,lilyminium/valence-fitting,0,,False,False,self
openff-qcsubmit,MobleyLab/fitting-exp,1,,False,False,duplicate
openff-qcsubmit,MolecularAI/maize-contrib,23,,True,False,duplicate
openff-qcsubmit,ntBre/benchmarking,1,,False,False,self
openff-qcsubmit,ntBre/chembl-search,0,,False,False,self
openff-qcsubmit,ntBre/coprelos,0,,False,False,self
openff-qcsubmit,ntBre/cura,0,,False,False,self
openff-qcsubmit,ntBre/fast-filter,0,,False,False,self
openff-qcsubmit,ntBre/fench,0,,False,False,self
openff-qcsubmit,ntBre/garage-door,0,,False,False,self
openff-qcsubmit,ntBre/lipoma,5,,False,False,self
openff-qcsubmit,ntBre/openff-benchmarks,0,,False,False,self
openff-qcsubmit,ntBre/openff-toolkit,1,,False,False,self
openff-qcsubmit,ntBre/vflib,1,,True,False,self
openff-qcsubmit,omsf/joint-demo,6,,False,False,duplicate
openff-qcsubmit,omsf/OpenPharmMDFlow,0,,True,False,duplicate
openff-qcsubmit,OpenDrugDiscovery/openQMComputations,0,,True,False,duplicate
openff-qcsubmit,openforcefield/2023-workshop-vignettes,4,,False,False,self
openff-qcsubmit,openforcefield/2026-virtual-workshops,5,,False,False,self
openff-qcsubmit,openforcefield/anything-goes,11,,False,False,self
openff-qcsubmit,openforcefield/ash-sage-rc2,2,,False,False,self
openff-qcsubmit,openforcefield/back-to-school-ashley,0,,False,False,self
openff-qcsubmit,openforcefield/back-to-school-jen,2,,False,False,self
openff-qcsubmit,openforcefield/besmarts-smee-refit,0,,False,False,self
openff-qcsubmit,openforcefield/openff-benchmark,9,,True,False,self
openff-qcsubmit,openforcefield/openff-bespokefit,79,,True,False,self
openff-qcsubmit,openforcefield/openff-docs,0,,False,False,self
openff-qcsubmit,openforcefield/openff-nagl,23,,True,False,self
openff-qcsubmit,openforcefield/openff-qcsubmit,26,,True,False,self
openff-qcsubmit,openforcefield/openff-sage,23,,False,False,self
openff-qcsubmit,openforcefield/openff-sphinx-theme,3,,True,False,self
openff-qcsubmit,openforcefield/protein-param-fit,3,,False,False,self
openff-qcsubmit,openforcefield/qca-dataset-submission,36,,False,False,self
openff-qcsubmit,openforcefield/qca-dataset-submission-next-test,1,,False,False,self
openff-qcsubmit,openforcefield/rdkit_ugm_2024_demo,3,,False,False,self
openff-qcsubmit,openforcefield/rdkit_ugm_2025_demo,4,,False,False,self
openff-qcsubmit,openforcefield/sage-2.1.0,0,,False,False,self
openff-qcsubmit,openforcefield/sage-2.2.0,2,,False,False,self
openff-qcsubmit,openforcefield/sage-2.2.1,1,,False,False,self
openff-qcsubmit,openforcefield/sage-2.3.0,0,,False,False,self
openff-qcsubmit,openforcefield/symposium_2024_demo,2,,False,False,self
openff-qcsubmit,openforcefield/yammbs,7,,True,False,self
openff-qcsubmit,openforcefield/yammbs-dataset-submission,2,,False,False,self
openff-qcsubmit,pavankum/mlip_optimizer,0,,True,False,duplicate
openff-qcsubmit,QuaidAlchemy/quaid,2,,True,False,duplicate
openff-qcsubmit,SimonBoothroyd/gnn-charge-models,3,,False,False,duplicate
openff-qcsubmit,Yoshanuikabundi/openff-binder,0,,False,False,self
openff-toolkit,0ut0fcontrol/test_openff,0,,False,True,
openff-toolkit,aai-research-lab/FastMDSimulation,29,,True,True,
openff-toolkit,aai-research-lab/FastMDXplora,115,,True,True,
openff-toolkit,AaronXu9/PoseBench,0,,True,True,
openff-toolkit,Aaryan-Patel2/KinetiDiff,1,,True,True,
openff-toolkit,abdulahadabro/Computer-aided-drug-discovery-Kit,0,,False,True,
openff-toolkit,Acellera/aceff_examples,4,,False,True,
openff-toolkit,Acellera/htmd,274,,True,True,
openff-toolkit,Acellera/moleculekit,237,,True,True,
openff-toolkit,ACoraor/OpenMM-Tools,0,,False,True,
openff-toolkit,adamlaho/AMLP,39,,True,True,
openff-toolkit,Adi0521/ProPredict,1,,False,True,
openff-toolkit,AIB001/PRISM,28,,True,True,
openff-toolkit,aiscihub/valleyfeverresearch,0,,False,True,
openff-toolkit,ajfriedman22/PTP1B,0,,False,True,
openff-toolkit,ajfriedman22/SM_ConfGen,2,,True,True,
openff-toolkit,ale94mleon/BindFlow,166,,True,True,
openff-toolkit,ale94mleon/TOFF,1,,True,True,
openff-toolkit,alex-hh/in-silico-pgdh,0,,False,True,
openff-toolkit,Alexey-Lukin/silken_net,19,,False,True,
openff-toolkit,alexisiddiqui/JAX-ENT,2,,True,True,
openff-toolkit,amcisaac/geom_dash,0,,False,True,
openff-toolkit,Ameki0/ResFF,9,,False,True,
openff-toolkit,amritashah/COBB-2035-Modern-Methods-in-Structure-Based-Drug-Discovery,1,,False,True,
openff-toolkit,amruthaB-Git/Teach-Open-Cadd_PAK1,0,,True,True,
openff-toolkit,amulyagarimella/fast-sequencing-AI-imputation,1,,False,True,
openff-toolkit,anandojha/qmmmrebind,6,,True,True,
openff-toolkit,anandsahuofficial/tbxt-hit-id,0,,False,True,
openff-toolkit,anandsahuofficial/tbxt-hit-id-dev,0,,False,True,
openff-toolkit,andrewtarzia/topology_scrambler,0,,True,True,
openff-toolkit,ani11452/Align_Your_Structures,2,,False,True,
openff-toolkit,Animosius/computational-science,0,,False,True,
openff-toolkit,arazthexd/molsberry,0,,False,True,
openff-toolkit,architvasan/DrugScreeningPipeline,0,,False,True,
openff-toolkit,architvasan/OpenMM_Tests_Sunspot,0,,False,True,
openff-toolkit,architvasan/OpenMM_Workflow,0,,False,True,
openff-toolkit,architvasan/PeptideDesign_OMM,0,,False,True,
openff-toolkit,architvasan/ProteinLigandMPI,0,,False,True,
openff-toolkit,architvasan/smallmolec_campaign,1,,True,True,
openff-toolkit,ArioMoniri/aminak,0,,False,True,
openff-toolkit,asapdiscovery/asapdiscovery,50,,True,True,
openff-toolkit,atomCAD/atomCAD,49,,False,True,
openff-toolkit,axsk/ISOKANN.jl,8,,False,True,
openff-toolkit,azizsimx/Python-hub-crypto,1,,False,True,
openff-toolkit,babaid/nix-openmm-reaxff-env,0,,False,True,
openff-toolkit,BalytskyiJaroslaw/RAPID-Net,11,,False,True,
openff-toolkit,barmoral/blanca-evaluator-cluster,0,,False,True,
openff-toolkit,barmoral/evaluator-blanca,0,,False,True,
openff-toolkit,barmoral/evaluator-SFEs,0,,False,True,
openff-toolkit,barmoral/evaluator-ThermoML,0,,False,True,
openff-toolkit,barmoral/HW_openMM,0,,False,True,
openff-toolkit,barmoral/OpenMM_SPW,0,,False,True,
openff-toolkit,barmoral/osmotic_calculations,1,,False,True,
openff-toolkit,BastiaanvHoorn/Fenix,4,,False,True,
openff-toolkit,bayer-science-for-a-better-life/abfe-benchmark,8,,False,True,
openff-toolkit,BeBerasategi/Transformazio-alkimikoak,0,,False,True,
openff-toolkit,ben-shor/DockFormer,1,,False,True,
openff-toolkit,BenCree/mace_off_types,0,,False,True,
openff-toolkit,BenCree/nagl_torsion,0,,False,True,
openff-toolkit,BenCree/Protein-ligand-openmm-workflow,6,,False,True,
openff-toolkit,benjfdup/pyclops,1,,True,True,
openff-toolkit,BevisD/DiffDock-Pocket,0,,False,True,
openff-toolkit,bharath-raghavan/alchemist-nn,0,,True,True,
openff-toolkit,bigginlab/ABFE_workflow,65,,True,True,
openff-toolkit,biochemi/J_books,0,,False,True,
openff-toolkit,BioinfoMachineLearning/MULTICOM_ligand,8,,True,True,
openff-toolkit,BioinfoMachineLearning/PoseBench,234,,True,True,
openff-toolkit,BioMedAI-UCSC/openmm_generate,0,,False,True,
openff-toolkit,BioMolDynamics/DeepPurpose-MD-Discovery,0,,False,True,
openff-toolkit,bismuthadams1/ActiveLearningSandbox,0,,True,True,
openff-toolkit,bismuthadams1/advanced_esp_vis,0,,True,True,
openff-toolkit,bismuthadams1/charge_paper,0,,False,True,
openff-toolkit,bismuthadams1/ChargeAPI,0,,True,True,
openff-toolkit,bismuthadams1/ChargeCraft,1,,True,True,
openff-toolkit,bl1231/bilbomd,2,,False,True,
openff-toolkit,BlacksheepJane/SurfMaker,0,,False,True,
openff-toolkit,blaso00/OpenFFGen,1,,False,True,
openff-toolkit,Boehringer-Ingelheim/TorsionProfiler,13,,True,True,
openff-toolkit,BurgerAndreas/Hessians-LoT,1,,True,True,
openff-toolkit,ByteDance-Seed/THEMol,15,,False,True,
openff-toolkit,bytedance/byteff,86,,True,True,
openff-toolkit,ByteTora/teachopencadd-zh,8,,True,True,
openff-toolkit,cadenroberts/nersc-distributed-molecular-simulation,0,,False,True,
openff-toolkit,cap-jmk-real/openmm-mixtures,1,,False,True,
openff-toolkit,carltonbiotec/Autodock_Results_sorter,0,,False,True,
openff-toolkit,carlzimmerman/zimmerman-formula,2,,False,True,
openff-toolkit,CataAI/PoseX,81,,False,True,
openff-toolkit,CCBatIIT/Bridgeport,1,,False,True,
openff-toolkit,CCPBioSim/biosim-analysis-workshop,9,,False,True,
openff-toolkit,CCPBioSim/CCP5_Simulation_of_BioMolecules,19,,False,True,
openff-toolkit,chdominguez/easymd-horus,0,,False,True,
openff-toolkit,ChenchenWang-AIDD/mlmm-gbsa,0,,False,True,
openff-toolkit,ChenSTeam/Computational_docker_protocol,0,,False,True,
openff-toolkit,chinge55/openmm_blog,0,,False,True,
openff-toolkit,chiyanglin-AStar/science_coding,0,,False,True,
openff-toolkit,choderalab/charge-datasets,6,,False,True,
openff-toolkit,choderalab/create-rna-nucleoside-dataset,0,,False,True,
openff-toolkit,choderalab/drugforge,13,,True,True,
openff-toolkit,choderalab/espaloma,274,,True,True,
openff-toolkit,choderalab/espaloma-charge,47,,True,True,
openff-toolkit,choderalab/espalomax,1,,False,True,
openff-toolkit,choderalab/espfit,2,,True,True,
openff-toolkit,choderalab/espfit-experiment,1,,False,True,
openff-toolkit,choderalab/fah-xchem,6,,True,True,
openff-toolkit,choderalab/fah_prep,5,,True,True,
openff-toolkit,choderalab/geometry-benchmark-espaloma,0,,False,True,
openff-toolkit,choderalab/pale,3,,True,True,
openff-toolkit,choderalab/perses,203,,True,True,
openff-toolkit,choderalab/pl-benchmark-espaloma-experiment,2,,False,True,
openff-toolkit,choderalab/refit-espaloma,10,,False,True,
openff-toolkit,choderalab/rna-espaloma,1,,False,True,
openff-toolkit,choderalab/vanilla-espaloma-experiment,2,,False,True,
openff-toolkit,cjacquemard/AutoAtomNN,0,,False,True,
openff-toolkit,cmelab/forcefields,1,,False,True,
openff-toolkit,cmelab/pl-validation,0,,False,True,
openff-toolkit,colbyford/Influenza_A_2.3.4.4b_Analyses,0,,False,True,
openff-toolkit,cole-group/coding-retreat2022,1,,False,True,
openff-toolkit,cole-group/FEgrow,144,,True,True,
openff-toolkit,cole-group/presto-benchmarking,0,,True,True,
openff-toolkit,cole-group/QUBE-SOMD-paper,4,,False,True,
openff-toolkit,compsciencelab/ATM_benchmark,9,,False,True,
openff-toolkit,conda-forge/de-forcefields-feedstock,1,,False,False,meta
openff-toolkit,conda-forge/descent-feedstock,0,,False,False,meta
openff-toolkit,conda-forge/openff-amber-ff-ports-feedstock,0,,False,False,meta
openff-toolkit,conda-forge/openff-forcefields-feedstock,1,,False,False,meta
openff-toolkit,conda-forge/openff-fragmenter-feedstock,0,,False,False,meta
openff-toolkit,conda-forge/openff-interchange-feedstock,0,,False,False,meta
openff-toolkit,conda-forge/openff-nagl-feedstock,0,,False,False,meta
openff-toolkit,conda-forge/openff-packmol-feedstock,0,,False,False,meta
openff-toolkit,conda-forge/openff-toolkit-feedstock,0,,False,False,meta
openff-toolkit,conda-forge/openmmforcefields-feedstock,0,,False,False,meta
openff-toolkit,connordavel/3d_equivalence_testing_final,0,,False,True,
openff-toolkit,connordavel/ambertools_am1_investigations,0,,False,True,
openff-toolkit,connordavel/ELF_selection_tests,0,,False,True,
openff-toolkit,connordavel/Minimum-Polymer-Tests,0,,False,True,
openff-toolkit,connordavel/openff_polymer_testing,1,,False,True,
openff-toolkit,coreytaylorcompchem/the_kitbag,3,,False,True,
openff-toolkit,crazat/genesis_medicine,0,,True,True,
openff-toolkit,crystal668-hub/answer-like-a-chemist,0,,True,True,
openff-toolkit,czodrowskilab/5minfame,38,,False,True,
openff-toolkit,czwiessler/sq-llm-docstring-gen-kt,0,,False,True,
openff-toolkit,dancinlab/demiurge,4,,False,True,
openff-toolkit,DanYev/SMartini,0,,True,True,
openff-toolkit,darvincode/Thesis_Files,0,,False,True,
openff-toolkit,David-Araripe/qligfepv2-BenchmarkExperiments,2,,False,True,
openff-toolkit,DavidDevoogdt/IMLCV,1,,True,True,
openff-toolkit,davide-grheco/gbsa-pipeline,0,,True,True,
openff-toolkit,deepprinciple/lmp-work,0,,False,True,
openff-toolkit,deepsatflow/PDC,2,,False,True,
openff-toolkit,degrado-lab/easyMD,13,,True,True,
openff-toolkit,degrado-lab/ligand-vdGs,0,,True,True,
openff-toolkit,degrado-lab/Ribbon-Containers,0,,False,True,
openff-toolkit,Delfictus/SOTA-Dev,1,,False,True,
openff-toolkit,DeokhyeonYoon/Practice_for_DrugDiscovery,1,,False,True,
openff-toolkit,Desperadus/StructOpt,0,,True,True,
openff-toolkit,dhakxls/ovm-pk,0,,True,True,
openff-toolkit,digital-synthesis-lab/autoir,4,,True,True,
openff-toolkit,dkoes/md-scripts,47,,False,True,
openff-toolkit,dnauminator/comp-chem,0,,False,True,
openff-toolkit,dominicp6/mlmd,0,,False,True,
openff-toolkit,donatiluca/MoKiTo,2,,False,True,
openff-toolkit,drorlab/GLOW_IVES,15,,False,True,
openff-toolkit,dsuvlu/enantiomers,0,,False,True,
openff-toolkit,EdwardRanjo/Molecular-Dynamics,1,,False,True,
openff-toolkit,EinsiaLab/Frontier-Engineering,98,,False,True,
openff-toolkit,elvispolimi/forcefield-condensation,0,,False,True,
openff-toolkit,emdgroup/mdfactory,9,,True,True,
openff-toolkit,eneskelestemur/confgen,0,,True,True,
openff-toolkit,eneskelestemur/MDSimulation,0,,True,True,
openff-toolkit,EricChen521/atm,0,,True,True,
openff-toolkit,Ericwang6/easybfe,14,,True,True,
openff-toolkit,Erikna00/WhatCat,0,,True,True,
openff-toolkit,essex-lab/grand-lig,9,,True,True,
openff-toolkit,essex-lab/grandlig-paper,1,,False,True,
openff-toolkit,evidencebp/pylint-intervention,0,,False,True,
openff-toolkit,Exscientia/StableNetGuardOwl,8,,True,True,
openff-toolkit,FasikuChristian/Christian_Data_analytics,0,,False,True,
openff-toolkit,fbrotzakis/Molecular_Dynamics_openmm,0,,False,True,
openff-toolkit,fengshikun/SliDe,4,,False,True,
openff-toolkit,ferreira68/STICkit,0,,True,True,
openff-toolkit,finlayiainmaclean/opensqm,0,,True,True,
openff-toolkit,fjclark/contorsion,0,,True,True,
openff-toolkit,fjclark/des-lj-fitting,0,,False,True,
openff-toolkit,fjclark/descent-workflow,0,,True,True,
openff-toolkit,fjclark/mace-omol-interaction-energies,0,,False,True,
openff-toolkit,fjclark/openff-smarts-matching-example,0,,False,True,
openff-toolkit,FoldingAtHome/covid-moonshot,59,,False,True,
openff-toolkit,forlilab/cosolvkit,33,,True,True,
openff-toolkit,forlilab/Meeko,376,,True,True,
openff-toolkit,forlilab/molscrub,53,,True,True,
openff-toolkit,fourmodern/toc_tutorial_colab,0,,False,True,
openff-toolkit,francescopatane96/Computer_aided_drug_discovery_kit,25,,False,True,
openff-toolkit,FrankLovelace/BraggSpect,0,,False,True,
openff-toolkit,frgoe003/cheminformer,5,,False,True,
openff-toolkit,Frostday/Agent4Molecule,1,,False,True,
openff-toolkit,fzlsfrv/7qrz_simulation,0,,False,True,
openff-toolkit,fzlsfrv/Mor_simulation_,1,,False,True,
openff-toolkit,Gallicchio-Lab/AToM-OpenMM,170,,True,True,
openff-toolkit,Gallicchio-Lab/sbdd-on-a-laptop,4,,False,True,
openff-toolkit,gaos180/druggraph-open,0,,False,True,
openff-toolkit,GeraltZeroZhong/mdw,0,,True,True,
openff-toolkit,GilsonLabUCSD/pAPRika,36,,True,True,
openff-toolkit,Girish09-work/Reinvent-Scoring,0,,True,True,
openff-toolkit,GJPvWesten/acmdd,0,,False,True,
openff-toolkit,gosldorf/Prod_Interchange,1,,False,True,
openff-toolkit,graeter-group/grappa,62,,True,True,
openff-toolkit,greener-group/garnet,10,,True,True,
openff-toolkit,greenrace666/biocolabs,0,,False,True,
openff-toolkit,Grenzlinie/MatTools,15,,True,True,
openff-toolkit,HaoLan-compchem/blog_03_12_2025,1,,False,True,
openff-toolkit,HaoLan-compchem/blog_16_03_2026,0,,False,True,
openff-toolkit,HBioquant/DiffBindFR,118,,True,True,
openff-toolkit,Hekstra-Lab/EF-X-crystal-MD,3,,False,True,
openff-toolkit,HiteSit/HTS_CompChem,1,,False,True,
openff-toolkit,HiteSit/PyMol_Fitter,12,,False,True,
openff-toolkit,hodakamori/ml-tutorial,0,,False,True,
openff-toolkit,honeyvig/byteff,0,,True,True,
openff-toolkit,hyf3513OneGO/polychain-generator,0,,False,True,
openff-toolkit,IAlibay/alchemiscale-utilities,2,,False,True,
openff-toolkit,IAlibay/partial_charge_experiments,0,,False,True,
openff-toolkit,ianfoster/catalysis,0,,True,True,
openff-toolkit,icomse/7th_workshop_MD,6,,False,True,
openff-toolkit,infretis/infentory,3,,False,True,
openff-toolkit,infretis/inftools,1,,True,True,
openff-toolkit,ingcoder/unomd,183,,True,True,
openff-toolkit,inna-tsymb/structural_bioinformatics,0,,False,True,
openff-toolkit,intbio/ResParTools,0,,False,True,
openff-toolkit,Intelligent-Drug-Discovery-Lab/SurfDock,254,,False,True,
openff-toolkit,InternScience/Agents-A1,424,,False,True,
openff-toolkit,InternScience/ChemClaw,52,,False,True,
openff-toolkit,iobio-zjut/DiffEnsemble,0,,False,True,
openff-toolkit,isayevlab/Auto3D_pkg,195,,True,True,
openff-toolkit,itWangCode/AI-Drug-Discovery-Design,52,,False,True,
openff-toolkit,ivanatang/biosensors,0,,False,True,
openff-toolkit,iwatobipen/openmm_runner,8,,True,True,
openff-toolkit,j-degroot/ACMDD,0,,False,True,
openff-toolkit,jaclark5/MetaOMol25_org_smiles,0,,False,False,self
openff-toolkit,jaclark5/Test_SPICE,0,,False,False,self
openff-toolkit,jacob-votava/07_24_25_spider_webb_demo,0,,False,True,
openff-toolkit,JacobCote/EasyMD,10,,True,True,
openff-toolkit,jaeohshin/md_analysis,1,,False,True,
openff-toolkit,jaketanderson/PCP1_MD,0,,False,True,
openff-toolkit,jaketanderson/PL-ABFE-BRD4,0,,False,True,
openff-toolkit,jaketanderson/taproom-md,0,,False,True,
openff-toolkit,janash/qcbrowse,0,,True,True,
openff-toolkit,janash/qcbrowser-prototype,0,,False,True,
openff-toolkit,JDCurry/TIMP2-Docking-Pipeline,2,,False,True,
openff-toolkit,jeageon/evoliez,0,,True,True,
openff-toolkit,jeevanbgc/molecularGlues,1,,False,True,
openff-toolkit,jeff231li/HG-GBSA-Optimization,2,,False,True,
openff-toolkit,jeff231li/random-scripts,3,,False,True,
openff-toolkit,JelfsMaterialsGroup/stko,24,,True,True,
openff-toolkit,jharrymoore/mace-md,24,,True,True,
openff-toolkit,jharrymoore/mace-openmm,5,,True,True,
openff-toolkit,JHoeflich1/Co_optimization_refit,0,,False,True,
openff-toolkit,JHoeflich1/OpenFFLipid,0,,False,True,
openff-toolkit,Jingbang-Chen/mixup-meta-protein-simulators,1,,False,True,
openff-toolkit,JMorado/SCALeJ,4,,True,True,
openff-toolkit,joelaforet/polyzymd,8,,True,True,
openff-toolkit,joelaforet/polyzymd_builder,0,,True,True,
openff-toolkit,joelaforet/SAMMD,2,,True,True,
openff-toolkit,JoeVonDahab/new_md,0,,True,True,
openff-toolkit,joezwu/water-transfer-method,0,,False,True,
openff-toolkit,jomga/MD_practice,0,,False,True,
openff-toolkit,josephdepaoloboisvert/ChiMPSS,0,,True,True,
openff-toolkit,jthorton/BespokeFit-PLB,1,,False,True,
openff-toolkit,jthorton/de-forcefields,25,,True,True,
openff-toolkit,jthorton/dim-smee,4,,False,True,
openff-toolkit,jthorton/double-exp-vdw,4,,False,True,
openff-toolkit,jthorton/htf-tinker,3,,True,True,
openff-toolkit,jthorton/nagl-mbis,2,,True,True,
openff-toolkit,jthorton/SPICE-SMEE,3,,False,True,
openff-toolkit,jule-c/flowr_root,126,,False,True,
openff-toolkit,JulianSierraRodriguez/boresch-restraint-vienna-kit,0,,True,True,
openff-toolkit,jwperthold/GroScore,0,,False,True,
openff-toolkit,kangk1204/duetscreen,0,,True,True,
openff-toolkit,KexinZhangResearch/PhysDock,91,,True,True,
openff-toolkit,kizzhang/MolGent,0,,True,True,
openff-toolkit,kohbanye/fep-generation,0,,False,True,
openff-toolkit,kojioku/abmptools,4,,True,True,
openff-toolkit,Kryst-Investments-LLC/agedefy-ai,0,,False,True,
openff-toolkit,KUL-LBMD/CROWN,4,,True,True,
openff-toolkit,kzfm/FMOkit,17,,True,True,
openff-toolkit,lab221lab221/protein-design,0,,False,True,
openff-toolkit,labdao/halo,0,,True,True,
openff-toolkit,learningmatter-mit/AtomisticSkills,132,,False,True,
openff-toolkit,leeping/forcebalance,164,,True,True,
openff-toolkit,LeifSeute/grappa-data-creation,0,,False,True,
openff-toolkit,liening1/qmmmkit,0,,True,True,
openff-toolkit,lilyminium/2026-polymers,0,,False,False,self
openff-toolkit,lilyminium/additional-2.3.0rc2-analysis,0,,False,False,self
openff-toolkit,lilyminium/alkane-vdw-fit,0,,False,False,self
openff-toolkit,lilyminium/ash-sage-rc1,0,,False,False,self
openff-toolkit,lilyminium/compare-cresset-torsions,0,,False,False,self
openff-toolkit,lilyminium/evaluator-equilibration,0,,True,False,self
openff-toolkit,lilyminium/evaluator-fits,0,,False,False,self
openff-toolkit,lilyminium/experimental-condensed-fit,0,,False,False,self
openff-toolkit,lilyminium/fit-virtual-sites,0,,False,False,self
openff-toolkit,lilyminium/fragment-chembl-data,0,,False,False,self
openff-toolkit,lilyminium/interchange-simulations,0,,False,False,self
openff-toolkit,lilyminium/investigate-smee-physprop,0,,False,False,self
openff-toolkit,lilyminium/investigating-ff-fitting-versions,1,,False,False,self
openff-toolkit,lilyminium/nagl-am1bcc-model-fits,0,,False,False,self
openff-toolkit,lilyminium/nagl-mbis-refit,0,,False,False,self
openff-toolkit,lilyminium/openff-gnn-am1bcc-0.1.0,0,,False,False,self
openff-toolkit,lilyminium/openff-stats,1,,True,False,self
openff-toolkit,lilyminium/openff-strike-team,0,,False,False,self
openff-toolkit,lilyminium/polymetrizer,3,,True,False,self
openff-toolkit,lilyminium/profile-qc-data,0,,True,False,self
openff-toolkit,lilyminium/protein-alpha-workbook,0,,False,False,self
openff-toolkit,lilyminium/protein-ff-fits,0,,False,False,self
openff-toolkit,lilyminium/qca-datasets-report,0,,False,False,self
openff-toolkit,lilyminium/refit-t17-t18-torsions,0,,False,False,self
openff-toolkit,lilyminium/sage-2.0.0-tip3p-refit,0,,False,False,self
openff-toolkit,lilyminium/sage-2.1.0-opc3,0,,False,False,self
openff-toolkit,lilyminium/sage-2.2.0-looser-msm,0,,False,False,self
openff-toolkit,lilyminium/sage-2.2.2-looser-msm,0,,False,False,self
openff-toolkit,lilyminium/sage-2.3.0,0,,False,False,self
openff-toolkit,lilyminium/sage-2.3.0-nagl,0,,False,False,self
openff-toolkit,lilyminium/sage-nagl,0,,False,False,self
openff-toolkit,lilyminium/scrapbook-projects,0,,False,False,self
openff-toolkit,lilyminium/snippets,0,,False,False,self
openff-toolkit,lilyminium/thermoml-equilibration,0,,False,False,self
openff-toolkit,lilyminium/valence-fitting,0,,False,False,self
openff-toolkit,lilyminium/virtual-site-initial-fit,0,,False,False,self
openff-toolkit,lilyminium/water-cooptimization,0,,False,False,self
openff-toolkit,lilyminium/water-model-experiments,0,,False,False,self
openff-toolkit,lilyminium/water-properties-evaluator,0,,False,False,self
openff-toolkit,LindeSchoenmaker/IMERGE-FEP,9,,True,True,
openff-toolkit,LindeSchoenmaker/rhfe_gromacs,0,,False,True,
openff-toolkit,ljmartin/ljmartin.github.io,1,,False,True,
openff-toolkit,Llewyn001/SurfNA,0,,False,True,
openff-toolkit,louetadelie1/Medin,0,,False,True,
openff-toolkit,lrmcdonnell/StructBio,0,,False,True,
openff-toolkit,LucasDelav/polymd,0,,True,True,
openff-toolkit,lucl13/MD_scripts,2,,False,True,
openff-toolkit,lukasbaldauf/quantis,0,,False,True,
openff-toolkit,LukasOttenhof/JupOtter,4,,False,True,
openff-toolkit,luwei0917/DynamicBind,298,,False,True,
openff-toolkit,maabuu/posebusters_em,14,,True,True,
openff-toolkit,maciek-wisniewski/MolecularDynamicsPipeline,1,,True,True,
openff-toolkit,madilynpaul/Espaloma-Validation,0,,False,True,
openff-toolkit,magattaca/making-it-rain-jp,6,,False,True,
openff-toolkit,maklecule/FLEXMD,0,,True,True,
openff-toolkit,malaki-michael/ExpertPI_MODS1,1,,False,True,
openff-toolkit,maraxen/priox,0,,True,True,
openff-toolkit,maraxen/prolix,0,,True,True,
openff-toolkit,martimunicoy/peleffy,12,,True,True,
openff-toolkit,Martin-Floor/prepare_proteins,8,,True,True,
openff-toolkit,martinez-zacharya/TRILL,121,,True,True,
openff-toolkit,materialsproject/atomate2,322,,True,True,
openff-toolkit,MaterSim/HTOCSP,8,,False,True,
openff-toolkit,MaterSim/pyocse,3,,True,True,
openff-toolkit,mathilfiker/ml_for_charges,2,,False,True,
openff-toolkit,matsunagalab/mdclaw,10,,True,True,
openff-toolkit,matta-research-group/SwiftPol,15,,True,True,
openff-toolkit,matteoferla/DTC-compchem-practical,4,,True,True,
openff-toolkit,matteoferla/Fragmenstein,207,,True,True,
openff-toolkit,MauriceKarrenbrock/HPC_Drug,9,,False,True,
openff-toolkit,mdsiamahmed26/Bioinformatics,0,,False,True,
openff-toolkit,metro-maniana/interaction-energy,0,,True,True,
openff-toolkit,meyresearch/EZDock,9,,False,True,
openff-toolkit,Micaet/Molecular-Modeling-in-Drug-Discovery,2,,False,True,
openff-toolkit,michellab/AMMo,8,,True,True,
openff-toolkit,michellab/BioSimSpace,78,,True,True,
openff-toolkit,michellab/emle-bespoke,6,,True,True,
openff-toolkit,michellab/fes-ml,9,,True,True,
openff-toolkit,michellab/Stapline,6,,False,True,
openff-toolkit,Mika-Le/PPIP5K2_Pipeline_Master_Thesis,1,,False,True,
openff-toolkit,mikemhenry/openfe-notebooks,0,,False,True,
openff-toolkit,milkman1017/Ribose-Chirality-MD,0,,False,True,
openff-toolkit,mizuno-group/MolecularDynamics,0,,False,True,
openff-toolkit,mkrishnapraneet/monte-carlo-ordering,0,,False,True,
openff-toolkit,mlmisha/openff-parametrization,0,,False,True,
openff-toolkit,MMLabCodes/data-driven-representative-models-of-biobased-complex-fluids,0,,False,True,
openff-toolkit,MMLabCodes/iPHAsimulator,1,,True,True,
openff-toolkit,MobleyLab/drug-computing,165,,False,True,
openff-toolkit,MobleyLab/fitting-exp,1,,False,True,
openff-toolkit,MobleyLab/qm-theory-benchmark,4,,False,True,
openff-toolkit,MobleyLab/SeparatedTopologies,29,,False,True,
openff-toolkit,MobleyLab/slow-rotations,8,,True,True,
openff-toolkit,MobleyLab/wbointerpolation,2,,False,True,
openff-toolkit,modernatx/rna_theophylline_free_energy_calculations,0,,False,True,
openff-toolkit,MolecularAI/maize-contrib,23,,True,True,
openff-toolkit,MolecularAI/reinforcement-learning-active-learning,13,,False,True,
openff-toolkit,molecularmodelinglab/bigbind,20,,False,True,
openff-toolkit,molecularmodelinglab/lfm,12,,False,True,
openff-toolkit,molecularmodelinglab/plantain,42,,False,True,
openff-toolkit,molmod/openmm-tutorial-msbs,191,,False,True,
openff-toolkit,MolSSI/mmic_openff,1,,True,True,
openff-toolkit,MolSSI/QCEngine,205,,True,True,
openff-toolkit,momokchung/forcebalance,0,,True,True,
openff-toolkit,mosdef-hub/foyer,144,,True,True,
openff-toolkit,MSEP-one/msep.one,72,,False,True,
openff-toolkit,MuPT-hub/mupt,10,,True,True,
openff-toolkit,naotriste-chenli/research-mlsr,0,,False,True,
openff-toolkit,Navantock/SE3Set,8,,False,True,
openff-toolkit,NeoBinder/NeoDynamics,2,,True,True,
openff-toolkit,NeuroAI-PNU/Drug_Discovery,0,,False,True,
openff-toolkit,NeuroAI-PNU/MolecularDynamics,0,,False,True,
openff-toolkit,NeuroAI-PNU/openmm-tutorial,0,,False,True,
openff-toolkit,nikitafedik/ml_tps_si,2,,False,True,
openff-toolkit,Nithishwer/abflow,0,,True,True,
openff-toolkit,nonamenoober/nho-doi-1-cu-cho-repo-nay,0,,False,True,
openff-toolkit,ntBre/benchmarking,1,,False,False,self
openff-toolkit,ntBre/chembl-search,0,,False,False,self
openff-toolkit,ntBre/coprelos,0,,False,False,self
openff-toolkit,ntBre/cura,0,,False,False,self
openff-toolkit,ntBre/curato,1,,True,False,self
openff-toolkit,ntBre/fast-filter,0,,False,False,self
openff-toolkit,ntBre/garage-door,0,,False,False,self
openff-toolkit,ntBre/lipoma,5,,False,False,self
openff-toolkit,ntBre/openff-benchmarks,0,,False,False,self
openff-toolkit,ntBre/vflib,1,,True,False,self
openff-toolkit,Nudge92/shp2-inhibitor-insilico,0,,False,True,
openff-toolkit,numpde/playground,0,,False,True,
openff-toolkit,ocmadin/LJ_surrogates,3,,True,True,
openff-toolkit,OdinZhang/AI-Docking-Evaluation,1,,False,True,
openff-toolkit,oess/orionmdcore,2,,True,True,
openff-toolkit,ofantomas/sella-optimizer-autoresearch,1,,True,True,
openff-toolkit,ojcharles/notebooks,0,,False,True,
openff-toolkit,olsson-group/sma-md,5,,False,True,
openff-toolkit,olsson-group/thermodynamic-interpolation,3,,False,True,
openff-toolkit,olsson-group/transBG,1,,False,True,
openff-toolkit,omsf/joint-demo,6,,False,True,
openff-toolkit,omsf/OpenPharmMDFlow,0,,True,True,
openff-toolkit,Open-Catalyst-Project/om-data,16,,True,True,
openff-toolkit,OpenBioSim/biosimspace,165,,True,True,
openff-toolkit,OpenDrugDiscovery/openfractal-client,0,,True,True,
openff-toolkit,OpenDrugDiscovery/openQMComputations,0,,True,True,
openff-toolkit,openforcefield/2021-benchmarking-workshop,0,,False,False,self
openff-toolkit,openforcefield/2023-workshop-vignettes,4,,False,False,self
openff-toolkit,openforcefield/2026-hands-on,0,,False,False,self
openff-toolkit,openforcefield/2026-stack-tour,0,,False,False,self
openff-toolkit,openforcefield/2026-virtual-workshops,5,,False,False,self
openff-toolkit,openforcefield/amber-ff-porting,1,,False,False,self
openff-toolkit,openforcefield/anything-goes,11,,False,False,self
openff-toolkit,openforcefield/ash-sage-rc2,2,,False,False,self
openff-toolkit,openforcefield/ashgc-v1.0-fit,2,,False,False,self
openff-toolkit,openforcefield/back-to-school-ashley,0,,False,False,self
openff-toolkit,openforcefield/back-to-school-jen,2,,False,False,self
openff-toolkit,openforcefield/back-to-school-matt,1,,False,False,self
openff-toolkit,openforcefield/ccpbiosim-2023,31,,False,False,self
openff-toolkit,openforcefield/cheminformatics-toolkit-equivalence,1,,False,False,self
openff-toolkit,openforcefield/descent,12,,True,False,self
openff-toolkit,openforcefield/dimsim,1,,True,False,self
openff-toolkit,openforcefield/diverse-dataset-discovery,1,,True,False,self
openff-toolkit,openforcefield/interchange-regression-testing,0,,True,False,self
openff-toolkit,openforcefield/interchange-workshop-2022,0,,False,False,self
openff-toolkit,openforcefield/MPID_plugin,0,,True,False,self
openff-toolkit,openforcefield/openff-amber-ff-ports,3,,True,False,self
openff-toolkit,openforcefield/openff-bespokefit,79,,True,False,self
openff-toolkit,openforcefield/openff-docs,0,,False,False,self
openff-toolkit,openforcefield/openff-evaluator,59,,True,False,self
openff-toolkit,openforcefield/openff-forcefields,187,,True,False,self
openff-toolkit,openforcefield/openff-fragmenter,48,,True,False,self
openff-toolkit,openforcefield/openff-interchange,95,,True,False,self
openff-toolkit,openforcefield/openff-nagl,23,,True,False,self
openff-toolkit,openforcefield/openff-pablo,12,,True,False,self
openff-toolkit,openforcefield/openff-packmol,0,,True,False,self
openff-toolkit,openforcefield/openff-qcsubmit,26,,True,False,self
openff-toolkit,openforcefield/openff-recharge,39,,True,False,self
openff-toolkit,openforcefield/openff-reference,1,,False,False,self
openff-toolkit,openforcefield/openff-sage,23,,False,False,self
openff-toolkit,openforcefield/openff-sphinx-theme,3,,True,False,self
openff-toolkit,openforcefield/openff-toolkit,396,,True,False,self
openff-toolkit,openforcefield/polymer_examples,9,,False,False,self
openff-toolkit,openforcefield/protein-ligand-benchmark,233,,True,False,self
openff-toolkit,openforcefield/protein-nmr-fit,4,,False,False,self
openff-toolkit,openforcefield/protein-param-fit,3,,False,False,self
openff-toolkit,openforcefield/proteinbenchmark,9,,True,False,self
openff-toolkit,openforcefield/ptm_prototype,24,,False,False,self
openff-toolkit,openforcefield/qca-dataset-submission,36,,False,False,self
openff-toolkit,openforcefield/qca-dataset-submission-next-test,1,,False,False,self
openff-toolkit,openforcefield/rdkit_ugm_2025_demo,4,,False,False,self
openff-toolkit,openforcefield/sage-2.1.0,0,,False,False,self
openff-toolkit,openforcefield/sage-2.2.0,2,,False,False,self
openff-toolkit,openforcefield/sage-2.2.1,1,,False,False,self
openff-toolkit,openforcefield/sage-2.3.0,0,,False,False,self
openff-toolkit,openforcefield/smee,20,,True,False,self
openff-toolkit,openforcefield/smirnoff-plugins,11,,True,False,self
openff-toolkit,openforcefield/yammbs,7,,True,False,self
openff-toolkit,openforcefield/yammbs-dataset-submission,2,,False,False,self
openff-toolkit,OpenFreeEnergy/ExampleNotebooks,68,,False,True,
openff-toolkit,OpenFreeEnergy/feflow,19,,True,True,
openff-toolkit,OpenFreeEnergy/gufe,42,,True,True,
openff-toolkit,OpenFreeEnergy/IndustryBenchmarks2024,44,,True,True,
openff-toolkit,OpenFreeEnergy/kartograf,38,,True,True,
openff-toolkit,OpenFreeEnergy/konnektor,24,,True,True,
openff-toolkit,OpenFreeEnergy/openfe,307,,True,True,
openff-toolkit,OpenFreeEnergy/openfe-benchmarks,13,,True,True,
openff-toolkit,OpenFreeEnergy/openfe-gromacs,4,,True,True,
openff-toolkit,OpenFreeEnergy/openfe_protocol_utils,0,,True,True,
openff-toolkit,OpenFreeEnergy/openfe_skunkworks,3,,True,True,
openff-toolkit,OpenFreeEnergy/pontibus,5,,True,True,
openff-toolkit,openkinome/kinoml,61,,True,True,
openff-toolkit,openmm/nutmeg,11,,True,True,
openff-toolkit,openmm/openmm_workshops,50,,False,True,
openff-toolkit,openmm/openmmforcefields,374,,True,True,
openff-toolkit,openmm/spice-dataset,198,,False,True,
openff-toolkit,openmm/spice-models,10,,False,True,
openff-toolkit,orionarcher/pymatgen-io-openmm,11,,True,True,
openff-toolkit,osram90/whisper,0,,False,True,
openff-toolkit,otunmartins/FRIDGEFREENET,1,,True,True,
openff-toolkit,pablo-arantes/Cloud-Bind,48,,False,True,
openff-toolkit,pablo-arantes/EGB_2023,2,,False,True,
openff-toolkit,pablo-arantes/making-it-rain,497,,False,True,
openff-toolkit,pablo-arantes/ParametrizANI,65,,True,True,
openff-toolkit,patrickbryant1/Cfold,85,,False,True,
openff-toolkit,patrickbryant1/Umol,240,,False,True,
openff-toolkit,pavankum/mlip_optimizer,0,,True,True,
openff-toolkit,pavankum/NSP_sets,0,,False,True,
openff-toolkit,pavankum/SFE_Calcs,0,,False,True,
openff-toolkit,pcruzparri/MDAnalysisDHAA,0,,True,True,
openff-toolkit,peastman/mlipbenchmarks,9,,False,True,
openff-toolkit,PEFrankel/OpenFF-Bilayer,0,,False,True,
openff-toolkit,pitmanme/system_builder,2,,False,True,
openff-toolkit,Pkoiralap/DynamicBindDocker,0,,False,True,
openff-toolkit,plainerman/DiffDock-Pocket,39,,False,True,
openff-toolkit,poclab-web/streamlit-pyscf,0,,False,True,
openff-toolkit,pokynmr/POKY,11,,False,True,
openff-toolkit,PooleChem/Pyrite,5,,False,True,
openff-toolkit,Popov-Lab-UNC/mlimplicitsolvent-RAW,0,,False,True,
openff-toolkit,prefix-dev/rattler-build-parser-tests,0,,False,True,
openff-toolkit,pruethemann/squeezemd,1,,True,True,
openff-toolkit,Psivant/femto,61,,True,True,
openff-toolkit,QCMM/ffparaim,3,,True,True,
openff-toolkit,QuaidAlchemy/quaid,2,,True,True,
openff-toolkit,quantaosun/Dock-MD-FEP,59,,False,True,
openff-toolkit,quantaosun/pl4,0,,False,True,
openff-toolkit,quantaosun/webdock,1,,False,True,
openff-toolkit,Quantum-for-Life/fep,1,,False,True,
openff-toolkit,Quantum-for-Life/openmmwrap,0,,True,True,
openff-toolkit,qubekit/QUBEKit,108,,True,True,
openff-toolkit,qusers/Q,26,,True,True,
openff-toolkit,RagnarB83/ash,118,,True,True,
openff-toolkit,rayhanmp/PIGNet2-Thesis,0,,True,True,
openff-toolkit,resting-dove/funm,0,,False,True,
openff-toolkit,RiesBen/ruler,1,,True,True,
openff-toolkit,rinikerlab/amp_bms,47,,True,True,
openff-toolkit,rinikerlab/ANA2B,4,,True,True,
openff-toolkit,rinikerlab/DASH-tree,24,,True,True,
openff-toolkit,rinikerlab/GNNImplicitSolvent,54,,True,True,
openff-toolkit,rinikerlab/macrocycle-ff-validation,8,,False,True,
openff-toolkit,rinikerlab/MD_and_NMR_Relaxometry,3,,False,True,
openff-toolkit,rinikerlab/mdfptools,8,,True,True,
openff-toolkit,rinikerlab/PyGromosTools,17,,True,True,
openff-toolkit,rinikerlab/QM-GNNIS,8,,True,True,
openff-toolkit,rinikerlab/reeds_applications,1,,False,True,
openff-toolkit,rinikerlab/rest2_ampmm,5,,True,True,
openff-toolkit,rinikerlab/TorsionMotifTorsionAngleDistributions,1,,False,True,
openff-toolkit,rismical-dev/rismical,12,,False,True,
openff-toolkit,RokasEl/DiastereomericResolutions,3,,True,True,
openff-toolkit,rotskoff-group/sc_committor_rates,4,,False,True,
openff-toolkit,rubyrayjuntos/G12D,0,,False,True,
openff-toolkit,rudraprsd/custom_pymatgen,1,,False,True,
openff-toolkit,SabariKumar/Spring2026_MLForChemicalSystems,0,,False,True,
openff-toolkit,Sadhvini26/CrystalGen,1,,False,True,
openff-toolkit,SAKETH11111/MoML-CA,6,,True,True,
openff-toolkit,SAMPEL-Group/solvent-inclusive-mlmm,0,,False,True,
openff-toolkit,samuelmurail/Pep-Edit_ST,0,,False,True,
openff-toolkit,Sanofi-Public/geomaw-solv,0,,False,True,
openff-toolkit,schallerdavid/mdscripts,8,,False,True,
openff-toolkit,scipion-chem/scipion-chem-openmm,0,,True,True,
openff-toolkit,seekrcentral/seekrflow,22,,True,True,
openff-toolkit,shehan807/MMomentA,2,,True,True,
openff-toolkit,shehan807/mpfit-python,1,,False,True,
openff-toolkit,shehan807/pympfit,6,,True,True,
openff-toolkit,SHervoe-Hansen/SI-Cavity-Formation,1,,False,True,
openff-toolkit,shirtsgroup/LLC_CG_build,0,,False,True,
openff-toolkit,shirtsgroup/openff_examples,1,,False,True,
openff-toolkit,shirtsgroup/terphenyl_simulations,0,,True,True,
openff-toolkit,ShisuLi/mdsim,0,,True,True,
openff-toolkit,shogo-d-nakamura/MCP_Vina,2,,True,True,
openff-toolkit,SII-ZhangHui/MetalloDock,25,,False,True,
openff-toolkit,SimonBoothroyd/absolv,34,,True,True,
openff-toolkit,SimonBoothroyd/befit,1,,True,True,
openff-toolkit,SimonBoothroyd/binary-mixture-publication,1,,False,True,
openff-toolkit,SimonBoothroyd/descent-ff,5,,False,True,
openff-toolkit,SimonBoothroyd/gnn-charge-models,3,,False,True,
openff-toolkit,SimonBoothroyd/molesp,5,,True,True,
openff-toolkit,SimonBoothroyd/nagl,8,,True,True,
openff-toolkit,SimonBoothroyd/nonbonded,7,,True,True,
openff-toolkit,SimonBoothroyd/tico,6,,True,True,
openff-toolkit,SimonCrouzet/BindingMetrics,0,,True,True,
openff-toolkit,Siri-chandanareddy21/Crystal,0,,False,True,
openff-toolkit,slochower/host-guest-benchmarks,7,,True,True,
openff-toolkit,sofiasanvi/cellulose-enzyme-design,0,,False,True,
openff-toolkit,soulong/myScript,1,,False,True,
openff-toolkit,space-group-research/phast-forcefields,3,,True,True,
openff-toolkit,sukritsingh/distributed-sampling,0,,False,True,
openff-toolkit,suleymanselim/AutoEnthalpy,1,,False,True,
openff-toolkit,suleymanselim/ssBind,1,,True,True,
openff-toolkit,SweeneyAaron/ChemEM,1,,True,True,
openff-toolkit,swillow/pdb2amber,6,,False,True,
openff-toolkit,talagayev/OpenFE_Setup,0,,True,True,
openff-toolkit,tdudgeon/simple-simulate-complex,96,,False,True,
openff-toolkit,Tenzo-0/SBProbMol3,0,,False,True,
openff-toolkit,TheHopeSharedFoundation/molecular-dynamics-tools,0,,False,True,
openff-toolkit,THGLab/HiQBind,83,,True,True,
openff-toolkit,thomasjamespope/bespokefit_smee,5,,True,True,
openff-toolkit,timbernat/polymerist,8,,True,True,
openff-toolkit,timbernat/polymerist_examples,2,,False,True,
openff-toolkit,timbernat/WaSP_simulations,0,,False,True,
openff-toolkit,tiny-org/soap-sim,0,,False,True,
openff-toolkit,Tobias-Krynek/Structural-bioinformatics,0,,False,True,
openff-toolkit,UCL-CCS/TIES,9,,True,True,
openff-toolkit,uibcdf/Academia,6,,False,True,
openff-toolkit,uibcdf/molsysmt,13,,True,True,
openff-toolkit,uibcdf/OpenPharmacophore-Tools,1,,False,True,
openff-toolkit,ur-whitelab/MDCrow,243,,True,True,
openff-toolkit,v365747/GraphCoarseningGNN,0,,False,True,
openff-toolkit,VasilijEpishkin/chemnext,1,,False,True,
openff-toolkit,venkataadury/UMDFP,2,,False,True,
openff-toolkit,volkamerlab/teachopencadd,1029,,True,True,
openff-toolkit,vvoelz/md_demo,1,,False,True,
openff-toolkit,WangXinyan940/rna-ligand-rest2,1,,True,True,
openff-toolkit,webbtheosim/GAMERS,2,,False,True,
openff-toolkit,webbtheosim/md-simulation-files,4,,False,True,
openff-toolkit,westpa/westpa2_tutorials,16,,False,True,
openff-toolkit,wiederm/endstate_correction,14,,True,True,
openff-toolkit,wiederm/notebooks,0,,False,True,
openff-toolkit,wolberlab/OpenMMDL,174,,True,True,
openff-toolkit,woshuizhaole/MicrostateLedger2,0,,True,True,
openff-toolkit,WoutVanEynde/LOSDT,1,,False,True,
openff-toolkit,wutobias/BayesTyper,1,,True,True,
openff-toolkit,wutobias/xtalmd-scripts,4,,True,True,
openff-toolkit,wwilla7/alphas-quicksteps,0,,False,True,
openff-toolkit,wwilla7/dpol-water,0,,False,True,
openff-toolkit,wwilla7/dpolfit,1,,True,True,
openff-toolkit,wwilla7/factorpol,5,,True,True,
openff-toolkit,wwilla7/factorpol-benchmarks-scripts,0,,False,True,
openff-toolkit,xag/asyn-oligomer-screen,0,,True,True,
openff-toolkit,XiangruiLi-Ray/enhanced_sampling_examples,0,,False,True,
openff-toolkit,Xinheng-He/DeepGlycanDock,2,,False,True,
openff-toolkit,XtalPi-XFF/2023_XFF_paper,6,,False,True,
openff-toolkit,xuwenwu/molssi,0,,False,True,
openff-toolkit,xxdnb123/generative_model_25fall,0,,False,True,
openff-toolkit,yaledeus/PVB,5,,False,True,
openff-toolkit,yashpatel5400/clean_idp_rl,2,,False,True,
openff-toolkit,yasuyuki-kourogi/hsa-binding-pose-ml,0,,False,True,
openff-toolkit,yipy0005/Basic-Molecular-Docking-Workshop,0,,False,True,
openff-toolkit,Yoik/MD,0,,False,True,
openff-toolkit,yontemdemirdogen/MoleculerDock,0,,False,True,
openff-toolkit,yoonalimsuwan/REAL-FOLD-ONE,1,,False,True,
openff-toolkit,Yoshanuikabundi/openff-binder,0,,False,False,self
openff-toolkit,Yoshanuikabundi/openff-pdbscan,0,,True,False,self
openff-toolkit,youjibiying/UnbindingFlow,2,,False,True,
openff-toolkit,yousafmaha7/ACPPred-ESM2,1,,False,True,
openff-toolkit,yteshirogi/openmm_md,0,,False,True,
openff-toolkit,yuanqing-wang/compchem-class,1,,False,True,
openff-toolkit,yuanqing-wang/mudslide,0,,False,True,
openff-toolkit,yuanqing-wang/mule,0,,False,True,
openff-toolkit,yuanqing-wang/rye,1,,False,True,
openff-toolkit,yuxuanzhuang/batter,1,,True,True,
openff-toolkit,yxnyu/SakePP,30,,True,True,
openff-toolkit,zachjaffery/molecular_dynamics,0,,False,True,
openff-toolkit,zguo235/af3_egfr,0,,False,True,
openff-toolkit,zhang-ivy/perses_protein_mutations,6,,False,True,
openff-toolkit,zy-cmd/BindRNAgen,1,,False,True,
yammbs,amcisaac/geom_dash,0,,False,False,duplicate
yammbs,cole-group/presto-benchmarking,0,,True,False,duplicate
yammbs,fjclark/descent-workflow,0,,True,False,duplicate
yammbs,jaclark5/industry_benchmark_v1.2_chemical_space,0,,False,False,self
yammbs,jthorton/htf-tinker,3,,True,False,duplicate
yammbs,lilyminium/additional-2.3.0rc2-analysis,0,,False,False,self
yammbs,lilyminium/ash-sage-rc1,0,,False,False,self
yammbs,lilyminium/compare-cresset-torsions,0,,False,False,self
yammbs,lilyminium/fragment-chembl-data,0,,False,False,self
yammbs,lilyminium/profile-qc-data,0,,True,False,self
yammbs,lilyminium/protein-alpha-workbook,0,,False,False,self
yammbs,lilyminium/sage-2.2.0-looser-msm,0,,False,False,self
yammbs,lilyminium/sage-2.2.2-looser-msm,0,,False,False,self
yammbs,lilyminium/sage-2.3.0-nagl,0,,False,False,self
yammbs,lilyminium/scrapbook-projects,0,,False,False,self
yammbs,ntBre/benchmarking,1,,False,False,self
yammbs,ntBre/openff-benchmarks,0,,False,False,self
yammbs,openforcefield/2026-virtual-workshops,5,,False,False,self
yammbs,openforcefield/ash-sage-rc2,2,,False,False,self
yammbs,openforcefield/back-to-school-jen,2,,False,False,self
yammbs,openforcefield/diverse-dataset-discovery,1,,True,False,self
yammbs,openforcefield/sage-2.2.0,2,,False,False,self
yammbs,openforcefield/sage-2.2.1,1,,False,False,self
yammbs,openforcefield/sage-2.3.0,0,,False,False,self
yammbs,openforcefield/yammbs,7,,True,False,self
yammbs,openforcefield/yammbs-dataset-submission,2,,False,False,self
yammbs,OpenFreeEnergy/openfe-benchmarks,13,,True,False,duplicate
yammbs,pavankum/mlip_optimizer,0,,True,False,duplicate
