group,zenodo_id,doi,title,creators,publication_year,resource_type,year,citations,citation_count
general,18842670,10.5281/zenodo.18842670,OpenFF Interchange,"Thompson, Matthew; Wagner, Jeff; Gilmer, Justin B.; Timalsina, Umesh; Quach, Co D.; Boothroyd, Simon; Mitchell, Joshua A.",2026,software,2026,1,1
general,18382916,10.5281/zenodo.18382916,openff-2.2.0-rc1-alkanes-revert,"OpenFF, YDS",2026,dataset,,0,0
general,18357086,10.5281/zenodo.18357086,openff-2.2.0-rc1-alkanes,"OpenFF, YDS",2026,dataset,,0,0
general,18228115,10.5281/zenodo.18228115,openforcefield/openff-forcefields,"Wang, Lily; Alibay, Irfan; Baumann, Hannah M.; Behara, Pavan Kumar; Cavender, Chapin; Gokey, Trevor; Horton, Joshua; Jang, Hyesu; McIsaac, Alexandra R.; Mitchell, Joshua A.; Osato, Meghan; Thompson, Matthew W.; Wagner, Jeffrey; Westbrook, Brent R.; Bayly, Christopher; Chodera, John; Cole, Daniel; Shirts, Michael; Mobley, David",2026,software,2026,1,1
general,18436107,10.5281/zenodo.18436107,QC Fitting Datasets for OpenFF SMIRNOFF Sage 2.3.0,Open Force Field,2026,dataset,,0,0
general,18421092,10.5281/zenodo.18421092,openff-2.2.0-rc1-alaknes-lj run1,JH,2026,dataset,,0,0
general,18419953,10.5281/zenodo.18419953,openff-2.2.0-rc1-alkanes-lj-p2,JH,2026,dataset,,0,0
general,18408312,10.5281/zenodo.18408312,openff-2.2.0-rc1-alkanes-lj-ma run2,JH,2026,dataset,,0,0
general,18407284,10.5281/zenodo.18407284,openff-2.2.0-rc1 run1,JH,2026,dataset,,0,0
general,18407255,10.5281/zenodo.18407255,openff-2.2.0-rc1-alkanes-lj run2,JH,2026,dataset,,0,0
general,18395834,10.5281/zenodo.18395834,openforcefield/openff-evaluator: 0.5.2,"Matt Thompson; Owen Madin; SimonBoothroyd; Jeff Wagner; Lily Wang; Josh A. Mitchell; Jeffry Setiadi; Adam Hogan; Ethan Holz; jaimergp; David L. Dotson; Jake Anderson; Josh Horton; Pavan Behara; Xia, Yu",2026,software,2026,1,1
general,18177815,10.5281/zenodo.18177815,FEflow,"Pulido Sánchez, Iván; Alibay, Irfan; Dotson, David; Gowers, Richard; Baumann, Hannah; Henry, Michael M.",2026,software,2026,1,1
general,18177180,10.5281/zenodo.18177180,openforcefield/openff-units: 0.3.2 Compatibility with Pint 0.25 and Python 3.14,Matt Thompson; Josh A. Mitchell; Mike Henry; Irfan Alibay; Richard Gowers,2026,software,2026,1,1
general,18176313,10.5281/zenodo.18176313,OpenFF 2.3.0rc2 Relative Binding Free Energy Benchmarks,"Alibay, Irfan",2026,dataset,,0,0
general,18600021,10.5281/zenodo.18600021,openforcefield/smirnoff99Frosst: 1.1.0.1,David L. Mobley; Jeff Wagner; Caitlin Bannan; Andrea Rizzi; Matt Thompson; Mike Henry,2026,software,2026,1,1
general,18350609,10.5281/zenodo.18350609,openforcefield/yammbs: 0.3.1,Matt Thompson; Brent Westbrook; Finlay Clark; Lily Wang; Alexandra (Lexie) McIsaac; James R. Baggs Eastwood,2026,software,2026,1,1
general,18684333,10.5281/zenodo.18684333,"OpenFF Keynote, OMSF Workshop 2025","Wang, Lily; Shirts, Michael",2025,presentation,,0,0
general,17555239,10.5281/zenodo.17555239,YDS Upload 76,"OpenFF, YDS",2025,dataset,,0,0
general,17555233,10.5281/zenodo.17555233,YDS Upload 77,"OpenFF, YDS",2025,dataset,,0,0
general,17584227,10.5281/zenodo.17584227,YDS Upload 78,"OpenFF, YDS",2025,dataset,,0,0
general,17163141,10.5281/zenodo.17163141,YDS Upload 62,"OpenFF, YDS",2025,dataset,,0,0
general,17163330,10.5281/zenodo.17163330,YDS Upload 63,"OpenFF, YDS",2025,dataset,,0,0
general,17163328,10.5281/zenodo.17163328,YDS Upload 64,"OpenFF, YDS",2025,dataset,,0,0
general,17404618,10.5281/zenodo.17404618,YDS Upload 69,"OpenFF, YDS",2025,dataset,,0,0
general,17401377,10.5281/zenodo.17401377,Open Force Field 3.0.0 Alpha Force Field Benchmarks,"Cavender, Chapin E.; Alibay, Irfan; Behara, Pavan K.; Clark, Jennifer A.; Friedman, Anika; Hoeflich, Julianne; Horton, Joshua T.; Mitchell, Joshua; Smith, Louis G.; Thompson, Matthew W.; Wagner, Jeffrey; Wang, Lily; Chodera, John; Cole, Daniel; Grossfield, Alan; Mobley, David; Shirts, Michael; Gilson, Michael K.",2025,presentation,,0,0
general,17196559,10.5281/zenodo.17196559,YDS Upload 67,"OpenFF, YDS",2025,dataset,,0,0
general,16864755,10.5281/zenodo.16864755,YDS Upload 55,"OpenFF, YDS",2025,dataset,,0,0
general,17163051,10.5281/zenodo.17163051,YDS Upload 58,"OpenFF, YDS",2025,dataset,,0,0
general,15570321,10.5281/zenodo.15570321,A General Force Field and Water Model Based on the Direct Polarization Approximation Making AM1-BCC Polarizable,"Wang, Liangyue; Gilson, Michael",2025,presentation,,0,0
general,15443084,10.5281/zenodo.15443084,Open Force Field and Open Free Energy,"Baggs Eastwood, James Robert",2025,poster,,0,0
general,17936667,10.5281/zenodo.17936667,OpenFF 2.2.1 Relative Binding Free Energy Benchmarks,"Irfan, Alibay",2025,dataset,,0,0
general,17604924,10.5281/zenodo.17604924,OpenFE RBFE benchmarks of OpenFF 3.0.0alpha0,"Alibay, Irfan",2025,dataset,,0,0
general,17408578,10.5281/zenodo.17408578,OpenFF 2.3.0rc1 Relative Binding Free Energy Benchmarks,"Alibay, Irfan",2025,dataset,,0,0
general,17344420,10.5281/zenodo.17344420,POPC Openff-2.2.1 run1,JH,2025,dataset,,0,0
general,17343810,10.5281/zenodo.17343810,POPC Openff-2.2.1 run2,JH,2025,dataset,,0,0
general,17343162,10.5281/zenodo.17343162,POPC Openff-2.2.1 run3,JH,2025,dataset,,0,0
general,17254045,10.5281/zenodo.17254045,openforcefield/openff-qcsubmit: 0.57.0,JoshHorton; Josh Horton; Matt Thompson; SimonBoothroyd; trevorgokey; David L. Dotson; Brent Westbrook; Jeff Wagner; Josh A. Mitchell; Chapin Cavender; Alexandra (Lexie) McIsaac; John Chodera,2025,software,2025,1,1
general,17230731,10.5281/zenodo.17230731,openforcefield/openff-nagl,"Wang, Lily; Horton, Joshua; Boothroyd, Simon; Alibay, Irfan; Wagner, Jeffrey; Mitchell, Josh A.; Thompson, Matthew W.",2025,software,2025,1,1
general,17082605,10.5281/zenodo.17082605,openforcefield/openff-nagl-models,"Wang, Lily; Horton, Joshua; Boothroyd, Simon; Alibay, Irfan; Thompson, Matthew W.",2025,software,2025,1,1
general,16884323,10.5281/zenodo.16884323,openforcefield/openff-utilities: 0.1.16,Matt Thompson; Jeff Wagner; Irfan Alibay; SimonBoothroyd,2025,software,2025,1,1
general,15801339,10.5281/zenodo.15801339,QC Singlepoint Dataset: MLPepper RECAP Optimized Fragments v1.1,"Adams, Charles; Horton, Joshua T; Clark, Jennifer; Mitchell, Joshua; Wang, Lily; Cole, Daniel",2025,dataset,,0,0
general,15801401,10.5281/zenodo.15801401,QC Optimization Dataset: OpenFF Industry Benchmark Season 1 v1.2,"Horton, Joshua T; Dotson, David; Clark, Jennifer; Mitchell, Joshua; Wang, Lily; Cole, Daniel",2025,dataset,,0,0
general,15801248,10.5281/zenodo.15801248,QC Singlepoint Dataset: TorsionNet500 Single Points Dataset v1.0,"Behara, Pavan Kumar; Horton, Joshua T; Clark, Jennifer; Mitchell, Joshua; Wang, Lily; Cole, Daniel; Mobley, David",2025,dataset,,0,0
general,15793709,10.5281/zenodo.15793709,QC Torsiondrive Dataset: OpenFF Rowley Biaryl v1.0,"Rowley, Christopher; Horton, Joshua T; Clark, Jennifer; Mitchell, Joshua; Wang, Lily; Cole, Daniel",2025,dataset,,0,0
general,15785976,10.5281/zenodo.15785976,QC Singlepoint Dataset: OpenFF ESP Fragment Conformers v1.0,"Boothroyd, Simon; Clark, Jennifer; Mitchell, Joshua; Wang, Lily",2025,dataset,,0,0
general,15635099,10.5281/zenodo.15635099,QC Fitting Datasets for OpenFF SMIRNOFF Sage 2.2.0,"Boothroyd, Simon; Maat, Jessica; Jang, Hyesu; Stern, Chaya D.; Behara, Pavan Kumar; Qiu, Yudong; Tjanaka, Bryon; Madin, Owen; Hahn, David; Gapsys, Vytautas; Horton, Joshua T; Dotson, David; Gokey, Trevor; Jennifer, Clark; Mitchell, Joshua; Wang, Lily; Shirts, Michael; Cole, Daniel; Chodera, John; Mobley, David",2025,dataset,,0,0
general,15633037,10.5281/zenodo.15633037,QC Fitting Datasets for OpenFF SMIRNOFF Sage 2.1.0,"Boothroyd, Simon; Maat, Jessica; Jang, Hyesu; Stern, Chaya D.; Behara, Pavan Kumar; Qiu, Yudong; Tjanaka, Bryon; Madin, Owen; Hahn, David; Gapsys, Vytautas; Horton, Joshua T; Dotson, David; Gokey, Trevor; Clark, Jennifer; Mitchell, Joshua; Wang, Lily; Shirts, Michael; Cole, Daniel; Chodera, John; Mobley, David",2025,dataset,,0,0
general,15611784,10.5281/zenodo.15611784,QC Fitting Datasets for OpenFF SMIRNOFF Sage 2.0.0,"Boothroyd, Simon; Maat, Jessica; Jang, Hyesu; Behara, Pavan Kumar; Madin, Owen; Hahn, David; Gapsys, Vytautas; Horton, Joshua T; Dotson, David; Gokey, Trevor; Clark, Jennifer; Mitchell, Joshua; Wang, Lily; Shirts, Michael; Cole, Daniel; Mobley, David",2025,dataset,,0,0
general,15477437,10.5281/zenodo.15477437,modelforge curated dataset: SPICE 2 OpenFF,"Iacovella, Christopher; Iacovella, Christopher; Chodera, John; Yan, Shuai; Eastman, Peter",2025,dataset,,0,0
general,15476646,10.5281/zenodo.15476646,modelforge curated dataset: SPICE 1 OpenFF,"Iacovella, Christopher; Wieder, Marcus; Chodera, John",2025,dataset,,0,0
general,15361197,10.5281/zenodo.15361197,YDS Upload 43,"OpenFF, YDS",2025,dataset,,0,0
general,15361226,10.5281/zenodo.15361226,YDS Upload 44,"OpenFF, YDS",2025,dataset,,0,0
general,15361270,10.5281/zenodo.15361270,YDS Upload 45,"OpenFF, YDS",2025,dataset,,0,0
general,15362656,10.5281/zenodo.15362656,YDS Upload 46,"OpenFF, YDS",2025,dataset,,0,0
general,15427463,10.5281/zenodo.15427463,OpenFF BespokeFit,The BespokeFit Contributors,2025,software,2025,1,1
general,15419953,10.5281/zenodo.15419953,modelforge curated dataset: OpenFF PhAlkEthOH Dataset,"Iacovella, Christopher; Gokey, Trevor; Wieder, Marcus; Chodera, John; Yan, Shuai",2025,dataset,,0,0
general,15328669,10.5281/zenodo.15328669,POPC 128 lipid Sage2.2.1-alkane-filtered (force field development),JH,2025,dataset,,0,0
general,15264731,10.5281/zenodo.15264731,OpenFF Sage 2.2.0/NAGL MD-HMR Tests (+SD-HMRw/tau-t=5),"Frankel, Patrick",2025,dataset,,0,0
general,15009096,10.5281/zenodo.15009096,OpenFF Sage 2.2.0 3 Replicates,"Frankel, Patrick",2025,dataset,,0,0
general,14889431,10.5281/zenodo.14889431,OpenFF Triethanolamine Simulation w/ Extended Equilibration,"Frankel, Patrick",2025,dataset,,0,0
general,14885339,10.5281/zenodo.14885339,OpenFF Pure POPC Water Type and Short Range Interaction Tests,"Frankel, Patrick",2025,dataset,,0,0
general,14885233,10.5281/zenodo.14885233,OpenFF 2.2.0/NAGL & Lipid21 Pure POPC Replicate Simulations,"Frankel, Patrick",2025,dataset,,0,0
general,14880880,10.5281/zenodo.14880880,POPC openff-1.3.1 replicate 2,JH,2025,dataset,,0,0
general,14880443,10.5281/zenodo.14880443,POPC openff-1.3.1 replicate 3,JH,2025,dataset,,0,0
general,14879561,10.5281/zenodo.14879561,POPC Sage2.2.0 replicate 1,JH,2025,dataset,,0,0
general,14867658,10.5281/zenodo.14867658,POPC openff-1.3.1 replicate 1,Julianne Hoeflich,2025,dataset,,0,0
general,14861207,10.5281/zenodo.14861207,OpenFF MSD verification,"Frankel, Patrick",2025,dataset,,0,0
general,14804144,10.5281/zenodo.14804144,OpenFF Parsley 1.3.1 POPC bilayer,"Frankel, Patrick",2025,dataset,,0,0
general,14714284,10.5281/zenodo.14714284,OpenFF Sage 2.2.0 lipid bilayer simulations,"Frankel, Patrick",2025,dataset,,0,0
general,14610399,10.5281/zenodo.14610399,openforcefield/openff-recharge: 0.5.3,SimonBoothroyd; Matt Thompson; Lily Wang; Josh A. Mitchell; Jeff Wagner; trevorgokey,2025,software,2025,1,1
general,18334678,10.5281/zenodo.18334678,What's up with OpenFF?,"Eastwood, James",2025,publication,,0,0
general,18333946,10.5281/zenodo.18333946,Industry Benchmark Dataset and More from QCArchive now Available on Zenodo,"Clark, Jennifer",2025,publication,,0,0
general,17258043,10.5281/zenodo.17258043,"DeepPurpose-MD: An End-to-End Colab-Based Ligand Discovery Pipeline Integrating Docking, Molecular Dynamics, and Deep Learning","MOCHIZUKI, IORI",2025,publication,,0,0
general,15770227,10.5281/zenodo.15770227,"Towards AshGC, a graph neural network charge model for Open Force Field","Wang, Lily; Boothroyd, Simon; Horton, Joshua T; Mitchell, Joshua A.; Thompson, Matthew W.; Wagner, Jeffrey R.; Cole, Daniel J.; Chodera, John D.; Shirts, Michael R.; Mobley, David L.",2025,publication,,0,0
general,18334268,10.5281/zenodo.18334268,A Swiss Army Knife for Conda Issues - Re-create Your Environment,"Thompson, Matt",2025,publication,,0,0
general,18334205,10.5281/zenodo.18334205,Why We Should Drop (Graph-based) Bond Order and No Longer Use Aromaticity,"Mobley, David",2025,publication,,0,0
general,18333764,10.5281/zenodo.18333764,Six Steps to Success When Reporting Open-Source Computational Chemistry Issues,"Thompson, Matt",2025,other,,0,0
general,17981851,10.5281/zenodo.17981851,openmm/openmmforcefields: 0.15.1,John Chodera; Evan Pretti; Mike Henry; Matt Thompson; Hannah Bruce Macdonald; Ivy Zhang; Iván Pulido; Ken Takaba; Rafal Wiewiora; Jeff Wagner; Peter Eastman; Chaya Stern; George; Hannah Baumann; Josh Horton; Niklas Rindtorff,2025,software,2025,1,1
general,14193547,10.5281/zenodo.14193547,Progress on SMIRNOFF protein force field,"Cavender, Chapin",2024,presentation,,0,0
general,13343917,10.5281/zenodo.13343917,OpenFF Keynote: OMSF Workshop 2024,"David, Mobley; Lily, Wang; The Open Force Field Consortium",2024,presentation,,0,0
general,12628105,10.5281/zenodo.12628105,OMSF Symposium 2024: OpenFF Live Demo,"Wagner, Jeffrey R; Mitchell, Josh A",2024,presentation,,0,0
general,11557619,10.5281/zenodo.11557619,2024 OpenFF Protein Preparation Mini-workshop,"Mitchell, Josh A; Wagner, Jeffrey R",2024,presentation,,0,0
general,11557676,10.5281/zenodo.11557676,2024 OpenFF Vignettes Mini-workshop,"Mitchell, Josh A.; Wagner, Jeffrey R",2024,presentation,,0,0
general,11557496,10.5281/zenodo.11557496,2024 OpenFF SMIRNOFF Mini-workshop,"Mitchell, Josh A.; Wagner, Jeffrey R.",2024,presentation,,0,0
general,14270934,10.5281/zenodo.14270934,YDS Upload 19,"OpenFF, YDS",2024,dataset,,0,0
general,14270907,10.5281/zenodo.14270907,YDS Upload 18,"OpenFF, YDS",2024,dataset,,0,0
general,14217150,10.5281/zenodo.14217150,OpenFE v0.11 benchmarks,"Baumann, Hannah; Alibay, Irfan",2024,dataset,,0,0
general,14200591,10.5281/zenodo.14200591,YDS Upload 15,"OpenFF, YDS",2024,dataset,,0,0
general,14188644,10.5281/zenodo.14188644,YDS Upload 14,"OpenFF, YDS",2024,dataset,,0,0
general,14172472,10.5281/zenodo.14172472,YDS Upload 12,"OpenFF, YDS",2024,dataset,,0,0
general,14176982,10.5281/zenodo.14176982,OpenFF anneal + Lipid21 anneal + CHARMM36 full,"Frankel, Patrick",2024,dataset,,0,0
general,14174296,10.5281/zenodo.14174296,CHARMM and Lipid17 updates for OpenFF Validation,"Frankel, Patrick",2024,dataset,,0,0
general,14058465,10.5281/zenodo.14058465,YDS Upload 10,"OpenFF, YDS",2024,dataset,,0,0
general,14053222,10.5281/zenodo.14053222,YDS Upload 9,"OpenFF, OMSF",2024,dataset,,0,0
general,14027441,10.5281/zenodo.14027441,OpenFF: Lipid21 & CHARMM36 Analyses,"Frankel, Patrick",2024,dataset,,0,0
general,14003982,10.5281/zenodo.14003982,OpenFF w/ MD Integrator + CHARMM36 control w/o HMR + Lipid21 verification w/o HMR,"Frankel, Patrick",2024,dataset,,0,0
general,13959654,10.5281/zenodo.13959654,OpenFE 1.0rc release: Benchmarking results,"Baumann, Hannah M.; Henry, Michael M.; Ries, Benjamin; Swenson, David W. H.; Eastwood, James R. B.; Gowers, Richard J.; Alibay, Irfan",2024,dataset,2025,2,2
general,13956111,10.5281/zenodo.13956111,OpenFF Water Tests w/ LJ-PME (POPC),"Frankel, Patrick",2024,dataset,,0,0
general,13901592,10.5281/zenodo.13901592,Charmm Control using OpenFF Conditions excluding cut off,"Frankel, Patrick",2024,dataset,,0,0
general,13894416,10.5281/zenodo.13894416,OpenFF POPC 0.9 rvdw OPC3 & TIP3P 400ns,"Frankel, Patrick",2024,dataset,,0,0
general,13854929,10.5281/zenodo.13854929,OpenFF HMR Tests w/ 2.2.0 + NAGL POPC,"Frankel, Patrick",2024,dataset,,0,0
general,13845128,10.5281/zenodo.13845128,OpenFF 2.2.0 + NAGL POPC / TRJ Verification,"Frankel, Patrick",2024,dataset,,0,0
general,11788561,10.5281/zenodo.11788561,OpenFF POPC Packmol Test,"Frankel, Patrick",2024,dataset,,0,0
general,11491381,10.5281/zenodo.11491381,openforcefield/openff-fragmenter: 0.2.2,Chaya Stern; Jeff Wagner; SimonBoothroyd; Matt Thompson; Josh A. Mitchell; Josh Horton; John Chodera; Daniel Smith,2024,software,2024,1,1
general,11075560,10.5281/zenodo.11075560,OpenFF POPE (64:64),"Hoeflich, Julianne",2024,dataset,,0,0
general,10976284,10.5281/zenodo.10976284,OpenFF 320K HMR,"Frankel, Patrick",2024,dataset,,0,0
general,10976273,10.5281/zenodo.10976273,OpenFF 270K HMR,"Frankel, Patrick",2024,dataset,,0,0
general,10976126,10.5281/zenodo.10976126,OpenFF HMR Whole XTC,"Frankel, Patrick",2024,dataset,,0,0
general,10976008,10.5281/zenodo.10976008,OpenFF HMR 1 ns - 300K,"Frankel, Patrick",2024,dataset,,0,0
general,10903726,10.5281/zenodo.10903726,OpenFF POPC (64:64) -- Shortened,Julianne Hoeflich,2024,dataset,,0,0
general,10805809,10.5281/zenodo.10805809,POPC JULI OpenFF,"Frankel, Patrick",2024,dataset,,0,0
general,10783846,10.5281/zenodo.10783846,OpenFF POPC (64:64),"Hoeflich, Julianne",2024,other,,0,0
general,10732986,10.5281/zenodo.10732986,OpenFF POPC Sim (200 ns equilibration test),"Frankel, Patrick",2024,dataset,,0,0
general,10680895,10.5281/zenodo.10680895,OpenFF POPC Simulation w/ sd integrator,"Frankel, Patrick",2024,dataset,,0,0
general,10607759,10.5281/zenodo.10607759,openforcefield/openff-models: 0.1.2,Matt Thompson; Richard Gowers; Mike Henry,2024,software,2024,1,1
general,14198706,10.5281/zenodo.14198706,OpenFE v0.13.0 partial charge benchmarks,"Alibay, Irfan",2024,other,,0,0
general,10822060,10.5281/zenodo.10822060,Supporting  Information: Non-bonded force field parameters from MBIS partitioning of the molecular electron density improve thermophysical properties prediction of organic liquids,"Pulido, Jorge",2024,software,,0,0
general,10038276,10.5281/zenodo.10038276,Benchmarking forcefields with crystal structure simulations of organic molecules,"Hüfner, Tobias; Stern, Peter; Hagler, Arnie; Gilson, Michael",2023,presentation,,0,0
general,8250346,10.5281/zenodo.8250346,"The Open Field Initiative: Open Source, Open Data",Michael R. Shirts,2023,presentation,,0,0
general,8164324,10.5281/zenodo.8164324,Open Force Field: Improving the accuracy and applicability of open molecular models,Jeffrey Wagner,2023,poster,,0,0
general,8144799,10.5281/zenodo.8144799,Open Force Field Consortium Overview 2023,"Mobley, David L; Baggs Eastwood, James",2023,presentation,,0,0
general,8135831,10.5281/zenodo.8135831,"2023 OMSF Annual Meeting - Alchemiscale - an open-source high-throughput alchemical free energy execution system  for use with HPC, cloud, bare metal, and Folding@Home","Dotson, David",2023,presentation,,0,0
general,8044738,10.5281/zenodo.8044738,2023 OMSF Symposium - OpenFF Keynote Talk,David Mobley; Jeffrey Wagner; Lily Wang,2023,presentation,,0,0
general,8044708,10.5281/zenodo.8044708,2023 OpenFF Annual Meeting - TrIP - Transformer Interatomic Potential enables solvated protein simulations with near DFT accuracy,Dennis Della Corte; Bryce Hedelius,2023,presentation,,0,0
general,8044697,10.5281/zenodo.8044697,2023 OpenFF Annual Meeting - Automatic inference and sampling of force field parameter types,Tobias Hüfner,2023,presentation,,0,0
general,8044686,10.5281/zenodo.8044686,2023 OpenFF Annual Meeting - Espaloma and the opportunities afforded by moving to a machine learning framework for SMIRNOFF and Graph Net optimization,John Chodera,2023,presentation,,0,0
general,8044676,10.5281/zenodo.8044676,2023 OpenFF Annual Meeting - A neural network for self-consistent charges,Lily Wang,2023,presentation,,0,0
general,8044655,10.5281/zenodo.8044655,2023 OpenFF Annual Meeting - Assessing charge models by means of atom-by-atom and dipole comparison,Lorenzo D'Amore; William Swope,2023,presentation,,0,0
general,8044586,10.5281/zenodo.8044586,2023 OpenFF Annual Meeting - Tuning Potential Functions to Host-Guest Binding Data A case study with implicit solvent,Jeffry Setiadi,2023,presentation,,0,0
general,8044473,10.5281/zenodo.8044473,2023 OpenFF Annual Meeting - A simple polarizable electrostatic model for molecular dynamics,Liangyue Willa Wang,2023,presentation,,0,0
general,8044465,10.5281/zenodo.8044465,2023 OpenFF Annual Meeting - Modeling proteins and small molecules self-consistently with Open Force Field,Chapin Cavender,2023,presentation,,0,0
general,8044399,10.5281/zenodo.8044399,2023 OpenFF Annual Meeting - Functional Form Exploration  The Double Exponential Force Field for small molecules,Josh Horton,2023,presentation,,0,0
general,8044308,10.5281/zenodo.8044308,2023 OpenFF Annual Meeting - Bespoke Force Field Parameters for Computer-Aided Drug Design,Daniel Cole,2023,presentation,,0,0
general,8044258,10.5281/zenodo.8044258,2023 OpenFF Annual Meeting - Optimizing molecular mechanics force fields in chemical space using binary-encoded SMARTS,Trevor Gokey,2023,presentation,,0,0
general,8044233,10.5281/zenodo.8044233,2023 OpenFF Annual Meeting - Small Molecule Force Field Development: Valence Parameter Optimization,Pavan Behara,2023,presentation,,0,0
general,8040651,10.5281/zenodo.8040651,2023 OpenFF Annual Meeting - Current Capabilities,Jeffrey Wagner; Josh Mitchell; Matt Thompson,2023,presentation,,0,0
general,7791663,10.5281/zenodo.7791663,"Advancing the Accuracy, Efficiency, and Parsimony of Potential Functions","Gilson, Michael",2023,presentation,,0,0
general,7696579,10.5281/zenodo.7696579,"Development and benchmarking of an open, self-consistent force field for proteins and small molecules from the Open Force Field Initiative","Cavender, Chapin E.; Behara, Pavan K.; Boothroyd, Simon; Dotson, David L.; Horton, Joshua T.; Mitchell, Joshua A.; Pulido, Ivan J.; Thompson, Matthew W.; Wagner, Jeffrey; Wang, Lily; Chodera, John D.; Cole, Daniel J.; Mobley, David L.; Shirts, Michael R.; Gilson, Michael K.",2023,poster,,0,0
general,7694828,10.5281/zenodo.7694828,Development of a self-consistent force field for proteins and small molecules from the Open Force Field Initiative,"Cavender, Chapin E.; Behara, Pavan K.; Boothroyd, Simon; Dotson, David L.; Gokey, Trevor; Horton, Joshua T.; Mitchell, Joshua A.; Pulido, Ivan J.; Thompson, Matthew W.; Wagner, Jeffrey; Wang, Lily; Chodera, John D.; Cole, Daniel J.; Mobley, David L.; Shirts, Michael R.; Gilson, Michael K.",2023,presentation,,0,0
general,7669506,10.5281/zenodo.7669506,Functional Form Exploration: The Double Exponential Force Field,"Horton, Joshua; Boothroyd, Simon; Behara, Pavan Kumar; Mobley, David; Cole, Daniel",2023,presentation,,0,0
general,10366462,10.5281/zenodo.10366462,OpenFF POPC/CHOL 15% Simulation (55/9:55/9 at 298K),"Frankel, Patrick",2023,dataset,,0,0
general,10344232,10.5281/zenodo.10344232,OpenFF POPC/CHOL 20% Simulation (32/8:32/8 at 298K),"Frankel, Patrick",2023,dataset,,0,0
general,10266049,10.5281/zenodo.10266049,OpenFF POPS Simulation with Na+ Counterions (64:64 at 298K),"Frankel, Patrick",2023,dataset,,0,0
general,10265965,10.5281/zenodo.10265965,OpenFF POPE Simulation (64:64 at 310K),"Frankel, Patrick",2023,dataset,,0,0
general,10265709,10.5281/zenodo.10265709,OpenFF POPC Simulation (64:64 at 300K),"Frankel, Patrick",2023,dataset,,0,0
general,10060111,10.5281/zenodo.10060111,Progress Report on Integrating PHAST in OpenFF / OpenMM,"Hogan, Adam",2023,presentation,,0,0
general,10045038,10.5281/zenodo.10045038,Pure POPE OpenFF Fix Attempt 1,"Frankel, Patrick",2023,dataset,,0,0
general,10045044,10.5281/zenodo.10045044,Pure--No Build--POPE OpenFF Fix Attempt 1,"Frankel, Patrick",2023,dataset,,0,0
general,10037981,10.5281/zenodo.10037981,Adjusted OpenFF POPC,"Frankel, Patrick",2023,dataset,,0,0
general,8423409,10.5281/zenodo.8423409,OpenFF Pure POPC LJ-PME,Patrick Frankel,2023,publication,,0,0
general,8411733,10.5281/zenodo.8411733,OpenFF Pure POPE,Patrick Frankel,2023,publication,,0,0
general,8411425,10.5281/zenodo.8411425,OpenFF Pure POPC,Patrick Frankel,2023,publication,,0,0
general,8368147,10.5281/zenodo.8368147,MacRog POPC Method Control,Patrick Frankel,2023,publication,,0,0
general,8299506,10.5281/zenodo.8299506,200 ns Quality Analysis of OpenFF Parameterized Pure POPC Lipid Bilayer,Patrick Frankel,2023,publication,,0,0
general,8248276,10.5281/zenodo.8248276,10 ns Quality Analysis Test of OpenFF Parameterized Pure POPC Lipid Bilayer,Patrick Frankel,2023,publication,,0,0
general,7596498,10.5281/zenodo.7596498,Collaborative Assessment of Molecular Geometries and Energies from the Open Force Field,"D'Amore, Lorenzo; Hahn, David F.; Dotson, David L.; Horton, Joshua, T.; Anwar, Jamshed; Craig, Ian; Fox, Thomas; Gobbi, Alberto; Lakkaraju, Sirish Kaushik; Lucas, Xavier; Meier, Katharina; Mobley, David L.; Narayanan, Arjun; Shindler, Christina E. M.; Swope, William C.; in 't Veld, Pieter J.; Wagner, Jeffrey; Xue, Bai; Tresadern, Gary J.",2022,dataset,,0,0
general,7548777,10.5281/zenodo.7548777,Benchmarking QM theory for drug-like molecules to train force fields,"Behara, Pavan Kumar; Jang, Hyesu; Horton, Joshua; Dotson, David; Boothroyd, Simon; Cavender, Chapin; Gapsys, Vytautas; Gokey, Trevor; Hahn, David; Maat, Jessica; Madin, Owen; Pulido, Ivan; Thompson, Matthew; Wagner, Jeffrey; Wang, Lily; Chodera, John; Cole, Daniel; Gilson, Michael; Shirts, Michael; Bayly, Christopher; Wang, Lee-Ping; Mobley, David",2022,poster,,0,0
general,7499695,10.5281/zenodo.7499695,"Sage, the Open Force Field 2.0.0 and the road map forward",Michael R. Shirts,2022,presentation,,0,0
general,7430421,10.5281/zenodo.7430421,OpenFF one page,"Mobley, David L.; Gobbi, Alberto",2022,other,,0,0
general,7430414,10.5281/zenodo.7430414,OpenFF and OpenFE Intro,"Mobley, David L.; Gobbi, Alberto",2022,presentation,,0,0
general,7340157,10.5281/zenodo.7340157,BespokeFit showcase - 5th Open Force Field Workshop (2022),"Mitchell, Josh A.; Wagner, Jeffrey",2022,publication,,0,0
general,7336040,10.5281/zenodo.7336040,Force Field Release meeting presentation,"Wang, Lily",2022,presentation,,0,0
general,7307173,10.5281/zenodo.7307173,Biopolymer showcase with non-canonical amino acid - 5th Open Force Field Workshop (2022),"Mitchell, Josh A,; Wagner, Jeffrey",2022,presentation,,0,0
general,7121173,10.5281/zenodo.7121173,"OpenFF Follow Up Workshop: ""Interchange Showcase""",Matt Thompson,2022,presentation,,0,0
general,7062336,10.5281/zenodo.7062336,Supporting information for: Open Force Field BespokeFit: Automating Bespoke Torsion Parametrization At Scale,"Horton, Joshua T.; Boothroyd, Simon; Wagner, Jeffrey; Mitchell, Joshua A.; Gokey, Trevor; Dotson, David L.; Behara, Pavan Kumar; Ramaswamy, Venkata Krishnan; Mackey, Mark; Chodera, John D; Anwar, Jamshed; Mobley, David L.; Cole, Daniel J.",2022,publication,,0,0
general,6774452,10.5281/zenodo.6774452,5th Open Force Field Workshop 2022,"Mobley, David; Wagner, Jeffrey; Wang, Lily; Nolasco, Diego",2022,presentation,,0,0
general,6653776,10.5281/zenodo.6653776,"The Open Force Field Initiative: An Open Source, Open Science Approach to Better Biomolecular Force Fields [Andy Vinter Memorial Meeting]","Chodera, John D.",2022,presentation,,0,0
general,6631982,10.5281/zenodo.6631982,"An update on the Open Force Field Initiative: Progress, plans and opportunities","Mobley, David; Open Force Field Initiative",2022,presentation,,0,0
general,6153446,10.5281/zenodo.6153446,"Building an open, self-consistent force field for biopolymers and small molecules with the Open Force Field Initiative infrastructure","Cavender, Chapin E; Behara, Pavan K; Boothroyd, Simon; Dotson, David L; Gapsys, Vyautas; Hahn, David F; Horton, Josha T; Pulido, Ivan J; Thompson, Matthew W; Wager, Jeffrey; Wang, Lily; Chodera, John D; Cole, Daniel J; Mobley, David L; Shirts, Michael R; Gilson, Michael K",2022,poster,,0,0
general,5846958,10.5281/zenodo.5846958,OpenFF Biopolymer FF meeting: dipeptide 2-D TorsionDrives,"Cavender, Chapin E",2022,presentation,,0,0
general,6600875,10.5281/zenodo.6600875,Protein-Ligand Benchmark Dataset for Free Energy Calculations,"Hahn, David F.; Wagner, Jeffrey R.",2022,software,,0,0
general,5498181,10.5281/zenodo.5498181,OpenFF Biopolymer FF meeting: tetrapeptide torsion profiles,Chapin E. Cavender,2021,presentation,,0,0
general,5495927,10.5281/zenodo.5495927,Follow-up workshop on Bespoke Fitting,Joshua Horton,2021,presentation,,0,0
general,5396531,10.5281/zenodo.5396531,Charges for a biopolymer force field,"Wang, Lily",2021,presentation,,0,0
general,5369858,10.5281/zenodo.5369858,Follow-up workshop on Benchmarking,Lorenzo D'Amore; David Hahn,2021,presentation,2022,1,1
general,5172174,10.5281/zenodo.5172174,Open Force Field Bespoke-Fit Update 2021,"Horton, Joshua; Cole, Daniel; Anwar, Jamshed; Boothroyd, Simon; Mobley, David; Wagner, Jeffrey",2021,presentation,,0,0
general,5164772,10.5281/zenodo.5164772,Software and Science at the Open Force Field Initiative (NIH ODSS/BISDI Talk),Jeff Wagner,2021,presentation,,0,0
general,4987086,10.5281/zenodo.4987086,Assembling partial charges from fragments (Slides),"Wang, Lily",2021,presentation,,0,0
general,4977401,10.5281/zenodo.4977401,Assembling partial charges from fragments,"Wang, Lily",2021,presentation,,0,0
general,4950030,10.5281/zenodo.4950030,4th Open Force Field Workshop 2021,"Boothroyd, Simon; Mobley, David L.; Wagner, Jeffrey",2021,presentation,,0,0
general,5579441,10.5281/zenodo.5579441,Developing free energy techniques to help guide pharmaceutical lead optimization,"Mobley, David",2021,presentation,,0,0
general,4674371,10.5281/zenodo.4674371,Large scale benchmarking the prospective accuracy  of protein-ligand free energy calculations,David F. Hahn; Gary J. Tresadern; David L. Mobley,2020,presentation,,0,0
general,4299200,10.5281/zenodo.4299200,Supporting Information: Molecular geometries and energies from quantum mechanical calculations and small molecule force field evaluations,Victoria T. Lim; David Hahn; Gary Tresadern; Christopher I. Bayly; David L. Mobley,2020,publication,,0,0
general,4247859,10.5281/zenodo.4247859,Molecular geometries and energies from quantum mechanical calculations and small molecule force field evaluations.,Victoria T. Lim; David F. Hahn; Gary Tresadern; Christopher I. Bayly; David L. Mobley,2020,dataset,,0,0
general,4106796,10.5281/zenodo.4106796,The Open Force Field Initiative and Open Science for Binding Prediction,"Mobley, David; The Open Force Field Initiative",2020,presentation,,0,0
general,4097279,10.5281/zenodo.4097279,ForceBalance Fitting Tutorial,"Jang, Hyesu; Wang, Lee-Ping",2020,video,,0,0
general,3995059,10.5281/zenodo.3995059,"Datasets associated with ""Improving Small Molecule Force Fields by Identifying and Characterizing Small Molecules with Inconsistent Parameters""","Ehrman, Jordan N.; Lim, Victoria T.; Bannan, Caitlin C.; Thi, Nam; Kyu, Daisy Y.; Mobley, David L.",2020,dataset,,0,0
general,3987764,10.5281/zenodo.3987764,"Dataset associated with the manuscript titled ""Capturing non-local through-bond effects when fragmenting molecules for quantum chemical torsion scans""","Stern, Chaya D.; Bayly, Christopher I.; Smith, Daniel G. A.; Fass, Josh; Wang, Lee-Ping; Mobley, David L.; Chodera, John D.",2020,dataset,,0,0
general,3963023,10.5281/zenodo.3963023,Software Science at the Open Force Field Consortium,"Wagner, Jeffrey; Rizzi, Andrea; Smith, Daniel; Bannan, Caitlin; Boothroyd, Simon; Rodríguez-Guerra, Jaime; Horton, Joshua; Jang, Hyesu; Qiu, Yudong; Čondić-Jurkić, Karmen; Wang, Lee-Ping; Mobley, David; Chodera, John",2020,poster,,0,0
general,3929017,10.5281/zenodo.3929017,Current Status of OpenFF and our Near-Term Roadmap,"Mobley, David L.",2020,presentation,,0,0
general,3929007,10.5281/zenodo.3929007,Biomolecules in Open Force Field: Goals made possible by new NIH funding,"Shirts, Michael R.",2020,presentation,,0,0
general,3928986,10.5281/zenodo.3928986,Session II: Future Directions for Open Force Field Initiative,"Chodera, J. D.",2020,presentation,,0,0
general,3783913,10.5281/zenodo.3783913,Strategies for ab initio Biomolecular Force Field Development,"Cerutti, David",2020,presentation,,0,0
general,3781313,10.5281/zenodo.3781313,"Update on Parsley minor releases (openff-1.1.0, 1.2.0)","Jang, Hyesu",2020,presentation,,0,0
general,3781303,10.5281/zenodo.3781303,Parameterization of Extended Force Field using Graph Neural Nets,"Wang, Yuanqing",2020,presentation,,0,0
general,3781305,10.5281/zenodo.3781305,Future directions in parameterization: enabling Bayesian inference with surrogate modeling,"Madin, Owen",2020,presentation,,0,0
general,3779488,10.5281/zenodo.3779488,Host-guest binding calculations in OpenFF Evaluator,"Setiadi, Jeffry",2020,presentation,,0,0
general,3779485,10.5281/zenodo.3779485,How Many Lennard-Jones Atom Types Does a Force Field Need?,"Gilson, Michael K.; Schauperl, Michael",2020,presentation,,0,0
general,3777278,10.5281/zenodo.3777278,Training dataset selection,"Maat, Jessica",2020,presentation,,0,0
general,3777276,10.5281/zenodo.3777276,Parsley parameters in protein-ligand binding free energy calculations,"Hahn, David",2020,presentation,,0,0
general,3777272,10.5281/zenodo.3777272,Which physical properties should we be optimizing against?,"Boothroyd, Simon",2020,presentation,,0,0
general,3774680,10.5281/zenodo.3774680,Benchmark assessment of molecular geometries and energies from small molecule force fields,"Lim, Victoria",2020,presentation,,0,0
general,3774668,10.5281/zenodo.3774668,Current Status of OpenFF and our Near-Term Roadmap,"Mobley, David L.",2020,presentation,,0,0
general,3772042,10.5281/zenodo.3772042,Updates on core OpenFF infrastructure,"Wagner, Jeffrey",2020,presentation,,0,0
general,3772044,10.5281/zenodo.3772044,QC Archive infrastructure updates,"Smith, Daniel G. A.",2020,presentation,,0,0
general,3771980,10.5281/zenodo.3771980,Capturing non-local through-bond effects when fragmenting molecules for QC torsion scans,"Stern, Chaya",2020,presentation,,0,0
general,4279620,10.5281/zenodo.4279620,openforcefield/cmiles: v0.1.6: Maintenance and testing updates,Chaya Stern; Matt Thompson,2020,software,,0,0
general,3963295,10.5281/zenodo.3963295,"Introducing the first optimized Open Force Field 1.0.0 (codename ""Parsley"")","Qiu, Yudong; Smith, Daniel G. A.; Boothroyd, Simon; Wagner, Jeffrey; Bannan, Caitlin C.; Gokey, Trevor; Jang, Hyesu; Lim, Victoria T.; Stern, Chaya D.; Rizzi, Andrea; Lucas, Xavier; Tjanaka, Bryon; Shirts, Michael R.; Gilson, Michael K.; Chodera, John D.; Bayly, Christopher I.; Mobley, David L.; Wang, Lee-Ping",2019,publication,2020,1,1
general,3539635,10.5281/zenodo.3539635,Graph Nets for partial charge prediction,"Wang, Yuanqing",2019,presentation,,0,0
general,3405597,10.5281/zenodo.3405597,Next Steps for OpenFF Development,"Gilson, Michael K.",2019,presentation,,0,0
general,3405585,10.5281/zenodo.3405585,The future of the Open Force Field Initiative: Year Two and Beyond,"Chodera, John D.",2019,presentation,,0,0
general,3405567,10.5281/zenodo.3405567,Parameterization Perspective IV: Data for Parameterization and Validation - Physical Properties,"Shirts, Michael R.",2019,presentation,,0,0
general,3405547,10.5281/zenodo.3405547,Parameterization Perspective II: The Property Estimator,"Boothroyd, Simon",2019,presentation,,0,0
general,3405539,10.5281/zenodo.3405539,Parameterization perspective I: Parameter optimization methodology,"Wang, Lee Ping",2019,presentation,,0,0
general,3405520,10.5281/zenodo.3405520,Discussion of progress and current status of OpenFF,"Chodera, John D.",2019,presentation,,0,0
general,3405514,10.5281/zenodo.3405514,Open Force Field Toolkit Showcase,"Wagner, Jeffrey R.",2019,presentation,,0,0
general,3405489,10.5281/zenodo.3405489,Progress and status of the OpenFF small molecule force field,"Mobley, David L.",2019,presentation,,0,0
general,3385278,10.5281/zenodo.3385278,Improving Force Fields by Identifying and Characterizing Small Molecules with Parameter Inconsistencies,"Ehrman, Jordan N.; Bannan, Caitlin C.; Lim, Victoria T.; Thi, Nam; Kyu, Daisy Y.; Mobley, David L.",2019,poster,,0,0
general,3243685,10.5281/zenodo.3243685,Fitting and benchmarking condensed-phase properties,"Boothroyd, Simon; Chodera, John D.; Fass, Josh; Madin, Owen; Messerly, Richard; Mobley, David L.; Shirts, Michael R.; Slochower, David; Wagner, Jeffrey R.; Wang, Lee Ping",2019,presentation,,0,0
general,3243683,10.5281/zenodo.3243683,Software Infrastructure,"Boothroyd, Simon; Chodera, John D.; Mobley, David L.; Smith, Daniel G. A.; Wagner, Jeffrey R.; Wang, Lee Ping",2019,presentation,,0,0
general,3243681,10.5281/zenodo.3243681,Fitting of valence parameters,"Bannan, Caitlin C.; Ehrman, Jordan; Lim, Victoria T.; Mobley, David L.; Wang, Lee Ping",2019,presentation,,0,0
general,3243679,10.5281/zenodo.3243679,Electrostatics: Fixed Point Charges and Polarization,"Gilson, Michael K.; Jang, Hyesu; Nerenberg, Paul S.; Schauperl, Michael; Wang, Lee Ping",2019,presentation,,0,0
general,3243674,10.5281/zenodo.3243674,Torsion fitting and small molecule fragmentation,"Chodera, John D.; Qiu, Yudong; Smith, Daniel G. A.; Stern, Chaya; Wang, Lee Ping",2019,presentation,,0,0
general,3243672,10.5281/zenodo.3243672,Chemical perception and SMIRNOFF typing,"Bannan, Caitlin C.; Mobley, David L.",2019,presentation,,0,0
general,3239471,10.5281/zenodo.3239471,Bayesian inference of force fields,"Chodera, John D.; Shirts, Michael R.; Fass, Josh; Madin, Owen; Stern, Chaya; Messerly, Richard",2019,presentation,2020,1,1
general,3239453,10.5281/zenodo.3239453,ForceBalance: Near-term parameter optimization strategy,"Wang, Lee Ping; Qiu, Yudong",2019,presentation,,0,0
general,3238643,10.5281/zenodo.3238643,Fragmenting molecules for QC torsion drives,"Stern, Chaya",2019,presentation,,0,0
general,3228414,10.5281/zenodo.3228414,Open Force Field Roadmap,John D. Chodera; Michael K. Gilson; David L. Mobley; Michael R. Shirts; Lee-Ping Wang,2019,presentation,,0,0
general,3478573,10.5281/zenodo.3478573,"openforcefield/release-1-fitting: OpenFF ""parsley"" 1.0.0-RC2: Fitting Valence with QM Data",Yudong Qiu; hyejang,2019,software,,0,0
general,3522250,10.5281/zenodo.3522250,openforcefield/nistdataselection: 0.0.2 Parsley Benchmark Set Selection,SimonBoothroyd; Jeff Wagner,2019,software,,0,0
general,5009751,10.7280/D1CD4C,Supporting Information: Toward learned chemical perception of force field typing rules,"Zanette, Camila; Bannan, Caitlin C.; Bayly, Christopher I.; Fass, Josh; Gilson, Michael K.; Shirts, Michael R.; Chodera, John D.; Mobley, David L.",2018,dataset,2025,1,1
general,3862411,10.5281/zenodo.3862411,BioExcel Webinar #31 - Open Force Field Initiative: The SMIRNOFF format and learned chemical perception,"Bannan, Caitlin",2018,presentation,,0,0
openff-toolkit,20634611,10.5281/zenodo.20634611,openforcefield/openff-toolkit: 0.18.1 Bugfix release,Jeff Wagner; Matt Thompson; David L. Mobley; John Chodera; Caitlin Bannan; Andrea Rizzi; trevorgokey; David L. Dotson; Ashley Mitchell; jaimergp; Pavan Behara; Camila; Christopher Bayly; JoshHorton; Lily Wang; Iván Pulido; PEFrankel; Victoria Lim; Jennifer A Clark; Sukanya Sasmal; SimonBoothroyd; Andrew Dalke; Ethan Holz; Brent Westbrook; Daniel Smith; Evan Pretti; Irfan Alibay; James R. Baggs Eastwood,2026,software,2026,1,1
openff-toolkit,17525527,10.5281/zenodo.17525527,openforcefield/openff-toolkit: 0.18.0 Runtime improvements for large molecules,Jeff Wagner; Matt Thompson; David L. Mobley; John Chodera; Caitlin Bannan; Andrea Rizzi; trevorgokey; David L. Dotson; Josh A. Mitchell; jaimergp; Pavan Behara; Camila; Christopher Bayly; JoshHorton; Lily Wang; Iván Pulido; PEFrankel; Victoria Lim; Jennifer A Clark; Sukanya Sasmal; SimonBoothroyd; Andrew Dalke; Ethan Holz; Brent Westbrook; Daniel Smith; Evan Pretti; Irfan Alibay; Josh Horton,2025,software,2025,1,1
openff-toolkit,17259324,10.5281/zenodo.17259324,openforcefield/openff-toolkit: 0.17.1 Bugfix release,Jeff Wagner; Matt Thompson; David L. Mobley; John Chodera; Caitlin Bannan; Andrea Rizzi; trevorgokey; David L. Dotson; Josh A. Mitchell; jaimergp; Pavan Behara; Camila; Christopher Bayly; JoshHorton; Lily Wang; Iván Pulido; PEFrankel; Victoria Lim; Jennifer A Clark; Sukanya Sasmal; SimonBoothroyd; Andrew Dalke; Ethan Holz; Brent Westbrook; Daniel Smith; Evan Pretti; Irfan Alibay; Josh Horton,2025,software,2025,1,1
openff-toolkit,16895459,10.5281/zenodo.16895459,openforcefield/openff-toolkit: 0.17.0 Support for <NAGLCharges> in force fields,Jeff Wagner; Matt Thompson; David L. Mobley; John Chodera; Caitlin Bannan; Andrea Rizzi; trevorgokey; David L. Dotson; Josh A. Mitchell; jaimergp; Pavan Behara; Camila; Christopher Bayly; JoshHorton; Lily Wang; Iván Pulido; PEFrankel; Victoria Lim; Jennifer A Clark; Sukanya Sasmal; SimonBoothroyd; Andrew Dalke; Ethan Holz; Brent Westbrook; Daniel Smith; Evan Pretti; Irfan Alibay; Josh Horton,2025,software,2025,1,1
openff-toolkit,16541061,10.5281/zenodo.16541061,openforcefield/openff-toolkit: 0.16.10 Minor Release,Jeff Wagner; Matt Thompson; David L. Mobley; John Chodera; Caitlin Bannan; Andrea Rizzi; trevorgokey; David L. Dotson; Josh A. Mitchell; jaimergp; Pavan Behara; Camila; Christopher Bayly; JoshHorton; Lily Wang; Iván Pulido; PEFrankel; Victoria Lim; Jennifer A Clark; Sukanya Sasmal; SimonBoothroyd; Andrew Dalke; Ethan Holz; Brent Westbrook; Daniel Smith; Evan Pretti; Irfan Alibay; Josh Horton,2025,software,2025,1,1
openff-toolkit,15306573,10.5281/zenodo.15306573,openforcefield/openff-toolkit: 0.16.9 Minor Release,Jeff Wagner; Matt Thompson; David L. Mobley; John Chodera; Caitlin Bannan; Andrea Rizzi; trevorgokey; David L. Dotson; Josh A. Mitchell; jaimergp; Camila; Pavan Behara; Christopher Bayly; JoshHorton; Lily Wang; Iván Pulido; PEFrankel; Victoria Lim; Sukanya Sasmal; Jennifer A Clark; SimonBoothroyd; Andrew Dalke; Ethan Holz; Brent Westbrook; Daniel Smith; Evan Pretti; Josh Horton; Lee-Ping Wang,2025,software,2025,1,1
openff-toolkit,14926819,10.5281/zenodo.14926819,openforcefield/openff-toolkit: 0.16.8 Minor release,Jeff Wagner; Matt Thompson; David L. Mobley; John Chodera; Caitlin Bannan; Andrea Rizzi; trevorgokey; David L. Dotson; Josh A. Mitchell; jaimergp; Camila; Pavan Behara; Christopher Bayly; JoshHorton; Lily Wang; Iván Pulido; PEFrankel; Victoria Lim; Sukanya Sasmal; Jennifer A Clark; SimonBoothroyd; Andrew Dalke; Ethan Holz; Yutong Zhao; Connor Davel; Ziyuan Zhao; Richard Gowers; Lee-Ping Wang,2025,software,2025,1,1
openff-toolkit,14424215,10.5281/zenodo.14424215,openforcefield/openff-toolkit: # 0.16.7 Minor release,Jeff Wagner; Matt Thompson; David L. Mobley; John Chodera; Caitlin Bannan; Andrea Rizzi; trevorgokey; David L. Dotson; Josh A. Mitchell; jaimergp; Camila; Pavan Behara; Christopher Bayly; JoshHorton; Lily Wang; Iván Pulido; PEFrankel; Victoria Lim; Sukanya Sasmal; SimonBoothroyd; Andrew Dalke; Ethan Holz; Brent Westbrook; Daniel Smith; Josh Horton; Lee-Ping Wang; Richard Gowers; Ziyuan Zhao,2024,software,2024,1,1
openff-toolkit,14056865,10.5281/zenodo.14056865,openforcefield/openff-toolkit: 0.16.6 Minor release,Jeff Wagner; Matt Thompson; David L. Mobley; John Chodera; Caitlin Bannan; Andrea Rizzi; trevorgokey; David L. Dotson; Josh A. Mitchell; jaimergp; Camila; Pavan Behara; Christopher Bayly; JoshHorton; Lily Wang; Iván Pulido; PEFrankel; Victoria Lim; Sukanya Sasmal; SimonBoothroyd; Andrew Dalke; Ethan Holz; Brent Westbrook; Daniel Smith; Josh Horton; Lee-Ping Wang; Richard Gowers; Ziyuan Zhao,2024,software,2024,1,1
openff-toolkit,13886754,10.5281/zenodo.13886754,openforcefield/openff-toolkit: 0.16.5 Minor feature and bugfix release Pre-release,Jeff Wagner; Matt Thompson; David L. Mobley; John Chodera; Caitlin Bannan; Andrea Rizzi; trevorgokey; David L. Dotson; Josh A. Mitchell; jaimergp; Camila; Pavan Behara; Christopher Bayly; JoshHorton; Lily Wang; Iván Pulido; PEFrankel; Victoria Lim; Sukanya Sasmal; SimonBoothroyd; Andrew Dalke; Ethan Holz; Brent Westbrook; Daniel Smith; Josh Horton; Lee-Ping Wang; Richard Gowers; Ziyuan Zhao,2024,software,2024,1,1
openff-toolkit,13375686,10.5281/zenodo.13375686,openforcefield/openff-toolkit: 0.16.4 Minor feature and bugfix release,Jeff Wagner; Matt Thompson; David L. Mobley; John Chodera; Caitlin Bannan; Andrea Rizzi; trevorgokey; David L. Dotson; Josh A. Mitchell; jaimergp; Camila; Pavan Behara; Christopher Bayly; JoshHorton; Lily Wang; Iván Pulido; PEFrankel; Victoria Lim; Sukanya Sasmal; SimonBoothroyd; Andrew Dalke; Ethan Holz; Brent Westbrook; Daniel Smith; Josh Horton; Lee-Ping Wang; Richard Gowers; Ziyuan Zhao,2024,software,2024,1,1
openff-toolkit,13375681,10.5281/zenodo.13375681,openforcefield/openff-toolkit: 0.16.3 Minor feature and bugfix release,Jeff Wagner; Matt Thompson; David L. Mobley; John Chodera; Caitlin Bannan; Andrea Rizzi; trevorgokey; David L. Dotson; Josh A. Mitchell; jaimergp; Camila; Pavan Behara; Christopher Bayly; JoshHorton; Lily Wang; Iván Pulido; PEFrankel; Victoria Lim; Sukanya Sasmal; SimonBoothroyd; Andrew Dalke; Ethan Holz; Brent Westbrook; Daniel Smith; Josh Horton; Lee-Ping Wang; Richard Gowers; Ziyuan Zhao,2024,software,2024,1,1
openff-toolkit,12795773,10.5281/zenodo.12795773,openforcefield/openff-toolkit: 0.16.2 Bugfix release,Jeff Wagner; Matt Thompson; David L. Mobley; John Chodera; Caitlin Bannan; Andrea Rizzi; trevorgokey; David L. Dotson; Josh A. Mitchell; jaimergp; Camila; Pavan Behara; Christopher Bayly; JoshHorton; Lily Wang; Iván Pulido; PEFrankel; Victoria Lim; Sukanya Sasmal; SimonBoothroyd; Andrew Dalke; Ethan Holz; Brent Westbrook; Daniel Smith; Josh Horton; Lee-Ping Wang; Richard Gowers; Ziyuan Zhao,2024,software,2024,1,1
openff-toolkit,11658021,10.5281/zenodo.11658021,openforcefield/openff-toolkit: 0.16.1 Minor feature and bugfix release,Jeff Wagner; Matt Thompson; David L. Mobley; John Chodera; Caitlin Bannan; Andrea Rizzi; trevorgokey; David L. Dotson; Josh A. Mitchell; jaimergp; Camila; Pavan Behara; Christopher Bayly; JoshHorton; Lily Wang; Iván Pulido; PEFrankel; Victoria Lim; Sukanya Sasmal; SimonBoothroyd; Andrew Dalke; Ethan Holz; Brent Westbrook; Daniel Smith; Josh Horton; Lee-Ping Wang; Richard Gowers; Ziyuan Zhao,2024,software,,0,0
openff-toolkit,10967071,10.5281/zenodo.10967071,openforcefield/openff-toolkit: 0.16.0 Minor feature and bugfix release,Jeff Wagner; Matt Thompson; David L. Mobley; John Chodera; Caitlin Bannan; Andrea Rizzi; trevorgokey; David L. Dotson; Josh A. Mitchell; jaimergp; Camila; Pavan Behara; Christopher Bayly; JoshHorton; Iván Pulido; Lily Wang; Victoria Lim; Sukanya Sasmal; SimonBoothroyd; Andrew Dalke; Daniel Smith; Brent Westbrook; Josh Horton; Lee-Ping Wang; Richard Gowers; Ziyuan Zhao; Connor Davel; Yutong Zhao,2024,software,2024,1,1
openff-toolkit,10613658,10.5281/zenodo.10613658,openforcefield/openff-toolkit: 0.15.2 Minor feature release,Jeff Wagner; Matt Thompson; David L. Mobley; John Chodera; Caitlin Bannan; Andrea Rizzi; trevorgokey; David L. Dotson; Josh A. Mitchell; jaimergp; Camila; Pavan Behara; Christopher Bayly; JoshHorton; Iván Pulido; Lily Wang; Victoria Lim; Sukanya Sasmal; SimonBoothroyd; Andrew Dalke; Daniel Smith; Brent Westbrook; Josh Horton; Lee-Ping Wang; Richard Gowers; Ziyuan Zhao; Connor Davel; Yutong Zhao,2024,software,2024,1,1
openff-toolkit,10593535,10.5281/zenodo.10593535,openforcefield/openff-toolkit: 0.15.1. Testing updates,Jeff Wagner; Matt Thompson; David L. Mobley; John Chodera; Caitlin Bannan; Andrea Rizzi; trevorgokey; David L. Dotson; Josh A. Mitchell; jaimergp; Camila; Pavan Behara; Christopher Bayly; JoshHorton; Iván Pulido; Lily Wang; Victoria Lim; Sukanya Sasmal; SimonBoothroyd; Andrew Dalke; Daniel Smith; Brent Westbrook; Josh Horton; Lee-Ping Wang; Richard Gowers; Ziyuan Zhao; Connor Davel; Yutong Zhao,2024,software,2024,1,1
openff-toolkit,10573374,10.5281/zenodo.10573374,openforcefield/openff-toolkit: 0.15.0 Updates to use QCFractal >=0.50.0,Jeff Wagner; Matt Thompson; David L. Mobley; John Chodera; Caitlin Bannan; Andrea Rizzi; trevorgokey; David L. Dotson; Josh A. Mitchell; jaimergp; Camila; Pavan Behara; Christopher Bayly; JoshHorton; Iván Pulido; Lily Wang; Victoria Lim; Sukanya Sasmal; SimonBoothroyd; Andrew Dalke; Daniel Smith; Brent Westbrook; Josh Horton; Lee-Ping Wang; Richard Gowers; Ziyuan Zhao; Connor Davel; Yutong Zhao,2024,software,2024,1,1
openff-toolkit,10103216,10.5281/zenodo.10103216,openforcefield/openff-toolkit: 0.14.5 Minor feature release,Jeff Wagner; Matt Thompson; David L. Mobley; John Chodera; Caitlin Bannan; Andrea Rizzi; trevorgokey; David L. Dotson; Josh A. Mitchell; jaimergp; Camila; Pavan Behara; Christopher Bayly; JoshHorton; Lily Wang; Iván Pulido; Victoria Lim; Sukanya Sasmal; SimonBoothroyd; Andrew Dalke; Daniel Smith; Josh Horton; Lee-Ping Wang; Richard Gowers; Ziyuan Zhao; Connor Davel; Yutong Zhao,2023,software,,0,0
openff-toolkit,8412072,10.5281/zenodo.8412072,openforcefield/openff-toolkit: 0.14.4 Minor feature release,Jeff Wagner; Matt Thompson; David L. Mobley; John Chodera; Caitlin Bannan; Andrea Rizzi; trevorgokey; David L. Dotson; Josh A. Mitchell; jaimergp; Camila; Pavan Behara; Christopher Bayly; JoshHorton; Lily Wang; Iván Pulido; Victoria Lim; Sukanya Sasmal; SimonBoothroyd; Andrew Dalke; Daniel Smith; Josh Horton; Lee-Ping Wang; Richard Gowers; Ziyuan Zhao; connordavel; Yutong Zhao,2023,software,,0,0
openff-toolkit,8225831,10.5281/zenodo.8225831,openforcefield/openff-toolkit: 0.14.3 Bugfix release,Jeff Wagner; Matt Thompson; David L. Mobley; John Chodera; Caitlin Bannan; Andrea Rizzi; trevorgokey; David L. Dotson; Josh A. Mitchell; jaimergp; Camila; Pavan Behara; Christopher Bayly; JoshHorton; Lily Wang; Iván Pulido; Victoria Lim; Sukanya Sasmal; SimonBoothroyd; Andrew Dalke; Daniel Smith; Josh Horton; Lee-Ping Wang; Richard Gowers; Ziyuan Zhao; connordavel; Yutong Zhao,2023,software,,0,0
openff-toolkit,8215951,10.5281/zenodo.8215951,openforcefield/openff-toolkit: 0.14.2 Minor feature release,Jeff Wagner; Matt Thompson; David L. Mobley; John Chodera; Caitlin Bannan; Andrea Rizzi; trevorgokey; David L. Dotson; Josh A. Mitchell; jaimergp; Camila; Pavan Behara; Christopher Bayly; JoshHorton; Lily Wang; Iván Pulido; Victoria Lim; Sukanya Sasmal; SimonBoothroyd; Andrew Dalke; Daniel Smith; Josh Horton; Lee-Ping Wang; Richard Gowers; Ziyuan Zhao; connordavel; Yutong Zhao,2023,software,,0,0
openff-toolkit,8208746,10.5281/zenodo.8208746,openforcefield/openff-toolkit: 0.14.1 Removal of deprecated API points and bugfix release,Jeff Wagner; Matt Thompson; David L. Mobley; John Chodera; Caitlin Bannan; Andrea Rizzi; trevorgokey; David L. Dotson; Josh A. Mitchell; jaimergp; Camila; Pavan Behara; Christopher Bayly; JoshHorton; Lily Wang; Iván Pulido; Victoria Lim; Sukanya Sasmal; SimonBoothroyd; Andrew Dalke; Daniel Smith; Josh Horton; Lee-Ping Wang; Richard Gowers; Ziyuan Zhao; connordavel; Yutong Zhao,2023,software,,0,0
openff-toolkit,8102071,10.5281/zenodo.8102071,openforcefield/openff-toolkit: 0.14.0 API deprecating and bugfix release,Jeff Wagner; Matt Thompson; David L. Mobley; John Chodera; Caitlin Bannan; Andrea Rizzi; trevorgokey; David Dotson; Josh A. Mitchell; jaimergp; Camila; Pavan Behara; Christopher Bayly; JoshHorton; Lily Wang; Iván Pulido; Victoria Lim; Sukanya Sasmal; SimonBoothroyd; Andrew Dalke; Daniel Smith; Josh Horton; Lee-Ping Wang; Ziyuan Zhao; Yutong Zhao,2023,software,,0,0
openff-toolkit,8056838,10.5281/zenodo.8056838,openforcefield/openff-toolkit: 0.13.2 Bugfix release,Jeff Wagner; Matt Thompson; David L. Mobley; John Chodera; Caitlin Bannan; Andrea Rizzi; trevorgokey; David Dotson; Josh A. Mitchell; jaimergp; Camila; Pavan Behara; Christopher Bayly; JoshHorton; Lily Wang; Iván Pulido; Victoria Lim; Sukanya Sasmal; SimonBoothroyd; Andrew Dalke; Daniel Smith; Josh Horton; Lee-Ping Wang; Ziyuan Zhao; Yutong Zhao,2023,software,,0,0
openff-toolkit,7992423,10.5281/zenodo.7992423,openforcefield/openff-toolkit: 0.13.1 Bugfix release,Jeff Wagner; Matt Thompson; David L. Mobley; John Chodera; Caitlin Bannan; Andrea Rizzi; trevorgokey; David Dotson; Josh A. Mitchell; jaimergp; Camila; Pavan Behara; Christopher Bayly; JoshHorton; Lily Wang; Iván Pulido; Victoria Lim; Sukanya Sasmal; SimonBoothroyd; Andrew Dalke; Daniel Smith; Josh Horton; Lee-Ping Wang; Ziyuan Zhao; Yutong Zhao,2023,software,,0,0
openff-toolkit,7868700,10.5281/zenodo.7868700,openforcefield/openff-toolkit: 0.13.0 Minor feature and bugfix release,Jeff Wagner; Matt Thompson; David L. Mobley; John Chodera; Caitlin Bannan; Andrea Rizzi; trevorgokey; David Dotson; Josh A. Mitchell; jaimergp; Camila; Pavan Behara; Christopher Bayly; JoshHorton; Iván Pulido; Victoria Lim; Sukanya Sasmal; Lily Wang; SimonBoothroyd; Andrew Dalke; Daniel Smith; Josh Horton; Lee-Ping Wang; Ziyuan Zhao; Yutong Zhao,2023,software,,0,0
openff-toolkit,7742688,10.5281/zenodo.7742688,openforcefield/openff-toolkit: 0.10.7 Bugfix release,Jeff Wagner; Matt Thompson; David L. Mobley; John Chodera; Caitlin Bannan; Andrea Rizzi; trevorgokey; David Dotson; jaimergp; Josh A. Mitchell; Camila; Pavan Behara; Christopher Bayly; JoshHorton; Iván Pulido; Victoria Lim; Sukanya Sasmal; Lily Wang; SimonBoothroyd; Andrew Dalke; Daniel Smith; Josh Horton; Lee-Ping Wang; Ziyuan Zhao; Yutong Zhao,2023,software,,0,0
openff-toolkit,7682812,10.5281/zenodo.7682812,openforcefield/openff-toolkit: 0.12.1 Bugfix release,Jeff Wagner; Matt Thompson; David L. Mobley; John Chodera; Caitlin Bannan; Andrea Rizzi; trevorgokey; David Dotson; jaimergp; Josh A. Mitchell; Camila; Pavan Behara; Christopher Bayly; JoshHorton; Iván Pulido; Victoria Lim; Sukanya Sasmal; Lily Wang; SimonBoothroyd; Andrew Dalke; Daniel Smith; Josh Horton; Lee-Ping Wang; Ziyuan Zhao; Yutong Zhao,2023,software,,0,0
openff-toolkit,7506404,10.5281/zenodo.7506404,openforcefield/openff-toolkit: 0.12.0 Minor feature and bugfix release,Jeff Wagner; Matt Thompson; David L. Mobley; John Chodera; Caitlin Bannan; Andrea Rizzi; trevorgokey; David Dotson; Jaime Rodríguez-Guerra; Josh A. Mitchell; Camila; Pavan Behara; Christopher Bayly; JoshHorton; Iván Pulido; Victoria Lim; Sukanya Sasmal; Lily Wang; SimonBoothroyd; Andrew Dalke; Daniel Smith; Josh Horton; Lee-Ping Wang; Ziyuan Zhao; Yutong Zhao,2023,software,,0,0
openff-toolkit,7320001,10.5281/zenodo.7320001,openforcefield/openff-toolkit: 0.11.4 Bugfix release,Jeff Wagner; Matt Thompson; David L. Mobley; John Chodera; Caitlin Bannan; Andrea Rizzi; trevorgokey; David Dotson; Jaime Rodríguez-Guerra; Josh A. Mitchell; Camila; Pavan Behara; Christopher Bayly; JoshHorton; Nathan M. Lim; Iván Pulido; Victoria Lim; Sukanya Sasmal; Lily Wang; SimonBoothroyd; Andrew Dalke; Daniel Smith; Josh Horton; Lee-Ping Wang; Ziyuan Zhao; Yutong Zhao,2022,software,,0,0
openff-toolkit,7278243,10.5281/zenodo.7278243,openforcefield/openff-toolkit: 0.11.3 Bugfix release,Jeff Wagner; Matt Thompson; David L. Mobley; John Chodera; Caitlin Bannan; Andrea Rizzi; trevorgokey; David Dotson; Jaime Rodríguez-Guerra; Josh A. Mitchell; Camila; Pavan Behara; Christopher Bayly; JoshHorton; Nathan M. Lim; Iván Pulido; Victoria Lim; Sukanya Sasmal; Lily Wang; SimonBoothroyd; Andrew Dalke; Daniel Smith; Josh Horton; Lee-Ping Wang; Ziyuan Zhao; Yutong Zhao,2022,software,,0,0
openff-toolkit,7225911,10.5281/zenodo.7225911,openforcefield/openff-toolkit: 0.11.2 Bugfix release,Jeff Wagner; Matt Thompson; David L. Mobley; John Chodera; Caitlin Bannan; Andrea Rizzi; trevorgokey; David Dotson; Jaime Rodríguez-Guerra; Josh A. Mitchell; Camila; Pavan Behara; Christopher Bayly; JoshHorton; Nathan M. Lim; Iván Pulido; Victoria Lim; Sukanya Sasmal; Lily Wang; SimonBoothroyd; Andrew Dalke; Daniel Smith; Josh Horton; Lee-Ping Wang; Yutong Zhao,2022,software,,0,0
openff-toolkit,7108774,10.5281/zenodo.7108774,openforcefield/openff-toolkit: 0.11.1 Minor release forbidding loading radicals,Jeff Wagner; Matt Thompson; David L. Mobley; John Chodera; Caitlin Bannan; Andrea Rizzi; trevorgokey; David Dotson; Jaime Rodríguez-Guerra; Josh A. Mitchell; Camila; Pavan Behara; Christopher Bayly; JoshHorton; Nathan M. Lim; Iván Pulido; Victoria Lim; Sukanya Sasmal; Lily Wang; SimonBoothroyd; Andrew Dalke; Daniel Smith; Josh Horton; Lee-Ping Wang; Yutong Zhao,2022,software,,0,0
openff-toolkit,7036207,10.5281/zenodo.7036207,openforcefield/openff-toolkit:  0.11.0 Major release adding support for proteins and refactoring the Topology class.,Jeff Wagner; Matt Thompson; David L. Mobley; John Chodera; Caitlin Bannan; Andrea Rizzi; trevorgokey; David Dotson; Jaime Rodríguez-Guerra; Josh A. Mitchell; Camila; Pavan Behara; Christopher Bayly; JoshHorton; Nathan M. Lim; Iván Pulido; Victoria Lim; Sukanya Sasmal; Lily Wang; SimonBoothroyd; Andrew Dalke; Daniel Smith; Josh Horton; Lee-Ping Wang; Yutong Zhao,2022,software,,0,0
openff-toolkit,6483648,10.5281/zenodo.6483648,openforcefield/openff-toolkit: 0.10.6 Bugfix release,Jeff Wagner; Matt Thompson; David L. Mobley; John Chodera; Caitlin Bannan; Andrea Rizzi; trevorgokey; David Dotson; Jaime Rodríguez-Guerra; Josh A. Mitchell; Camila; Pavan Behara; Christopher Bayly; JoshHorton; Nathan M. Lim; Victoria Lim; Lily Wang; SimonBoothroyd; Sukanya Sasmal; Andrew Dalke; Iván Pulido; Daniel Smith; Josh Horton; Lee-Ping Wang; readthedocs-assistant; Yutong Zhao,2022,software,,0,0
openff-toolkit,6470615,10.5281/zenodo.6470615,openforcefield/openff-toolkit: 0.10.5 Bugfix release,Jeff Wagner; Matt Thompson; David L. Mobley; John Chodera; Caitlin Bannan; Andrea Rizzi; trevorgokey; David Dotson; Jaime Rodríguez-Guerra; Josh A. Mitchell; Camila; Pavan Behara; Christopher Bayly; JoshHorton; Nathan M. Lim; Victoria Lim; Lily Wang; Sukanya Sasmal; SimonBoothroyd; Andrew Dalke; Iván Pulido; Daniel Smith; Josh Horton; Lee-Ping Wang; readthedocs-assistant; Yutong Zhao,2022,software,,0,0
openff-toolkit,6450273,10.5281/zenodo.6450273,openforcefield/openff-toolkit: 0.10.4 Bugfix release,Jeff Wagner; Matt Thompson; David L. Mobley; John Chodera; Caitlin Bannan; Andrea Rizzi; trevorgokey; David Dotson; Jaime Rodríguez-Guerra; Josh A. Mitchell; Camila; Pavan Behara; Christopher Bayly; JoshHorton; Nathan M. Lim; Victoria Lim; Lily Wang; Sukanya Sasmal; SimonBoothroyd; Andrew Dalke; Iván Pulido; Daniel Smith; Josh Horton; Lee-Ping Wang; readthedocs-assistant; Yutong Zhao,2022,software,,0,0
openff-toolkit,6310995,10.5281/zenodo.6310995,openforcefield/openff-toolkit: 0.10.3 Bugfix release,Jeff Wagner; Matt Thompson; David L. Mobley; John Chodera; Caitlin Bannan; Andrea Rizzi; trevorgokey; David Dotson; Jaime Rodríguez-Guerra; Josh A. Mitchell; Camila; Pavan Behara; Christopher Bayly; JoshHorton; Nathan M. Lim; Victoria Lim; Lily Wang; Sukanya Sasmal; SimonBoothroyd; Andrew Dalke; Iván Pulido; Daniel Smith; Josh Horton; Lee-Ping Wang; readthedocs-assistant; Yutong Zhao,2022,software,,0,0
openff-toolkit,5834931,10.5281/zenodo.5834931,openforcefield/openff-toolkit: 0.10.2 Bugfix release,Jeff Wagner; Matt Thompson; David L. Mobley; John Chodera; Caitlin Bannan; Andrea Rizzi; trevorgokey; David Dotson; Jaime Rodríguez-Guerra; Camila; Pavan Behara; Josh A. Mitchell; Christopher Bayly; JoshHorton; Nathan M. Lim; Victoria Lim; Lily Wang; Sukanya Sasmal; SimonBoothroyd; Andrew Dalke; Iván Pulido; Daniel Smith; Josh Horton; Lee-Ping Wang; Yutong Zhao,2022,software,,0,0
openff-toolkit,5601736,10.5281/zenodo.5601736,openforcefield/openff-toolkit: 0.10.1 Minor feature and bugfix release,Jeff Wagner; Matt Thompson; David L. Mobley; John Chodera; Caitlin Bannan; Andrea Rizzi; trevorgokey; David Dotson; Jaime Rodríguez-Guerra; Camila; Pavan Behara; Josh A. Mitchell; Christopher Bayly; JoshHorton; Nathan M. Lim; Victoria Lim; Sukanya Sasmal; Lily Wang; Andrew Dalke; SimonBoothroyd; Iván Pulido; Daniel Smith; Josh Horton; Lee-Ping Wang; Yutong Zhao,2021,software,2022,1,1
openff-toolkit,5153946,10.5281/zenodo.5153946,openforcefield/openff-toolkit: 0.10.0 Improvements for force field fitting,Jeff Wagner; David L. Mobley; Matt Thompson; John Chodera; Caitlin Bannan; Andrea Rizzi; trevorgokey; David Dotson; Jaime Rodríguez-Guerra; Camila; Pavan Behara; Christopher Bayly; Josh A. Mitchell; JoshHorton; Nathan M. Lim; Victoria Lim; Sukanya Sasmal; Lily Wang; Andrew Dalke; SimonBoothroyd; Iván Pulido; Daniel Smith; Lee-Ping Wang; Yutong Zhao,2021,software,,0,0
openff-toolkit,4706060,10.5281/zenodo.4706060,openforcefield/openff-toolkit: 0.9.2 Minor feature and bugfix release,Jeff Wagner; David L. Mobley; Matt Thompson; John Chodera; Caitlin Bannan; Andrea Rizzi; trevorgokey; David Dotson; Jaime Rodríguez-Guerra; Camila; Pavan Behara; Christopher Bayly; JoshHorton; Josh A. Mitchell; Nathan M. Lim; Victoria Lim; Sukanya Sasmal; Lily Wang; SimonBoothroyd; Iván Pulido; Daniel Smith; Lee-Ping Wang; Yutong Zhao,2021,software,,0,0
openff-toolkit,4591319,10.5281/zenodo.4591319,openforcefield/openff-toolkit: 0.8.4 Minor feature and bugfix release,Jeff Wagner; David L. Mobley; Matt Thompson; John Chodera; Caitlin Bannan; Andrea Rizzi; trevorgokey; David Dotson; Jaime Rodríguez-Guerra; Camila; Pavan Behara; Christopher Bayly; JoshHorton; Nathan M. Lim; Victoria Lim; Sukanya Sasmal; Josh A. Mitchell; Daniel Smith; Lee-Ping Wang; SimonBoothroyd; Yutong Zhao,2021,software,,0,0
openff-toolkit,4592294,10.5281/zenodo.4592294,openforcefield/openff-toolkit: 0.9.1 Minor feature and bugfix release,Jeff Wagner; David L. Mobley; Matt Thompson; John Chodera; Caitlin Bannan; Andrea Rizzi; trevorgokey; David Dotson; Jaime Rodríguez-Guerra; Camila; Pavan Behara; Christopher Bayly; JoshHorton; Nathan M. Lim; Victoria Lim; Sukanya Sasmal; Josh A. Mitchell; Daniel Smith; Lee-Ping Wang; SimonBoothroyd; Yutong Zhao,2021,software,,0,0
openff-toolkit,4450252,10.5281/zenodo.4450252,openforcefield/openff-toolkit: 0.9.0 Namespace Migration,Jeff Wagner; David L. Mobley; Matt Thompson; Caitlin Bannan; John Chodera; Andrea Rizzi; trevorgokey; David Dotson; Jaime Rodríguez-Guerra; Camila; Christopher Bayly; JoshHorton; Pavan Behara; SimonBoothroyd; Nathan M. Lim; Victoria Lim; Sukanya Sasmal; Daniel Smith; Lee-Ping Wang; Yutong Zhao,2021,software,,0,0
openff-toolkit,4429313,10.5281/zenodo.4429313,openforcefield/openforcefield: 0.8.3 Major bugfix release,Jeff Wagner; David L. Mobley; Matt Thompson; Caitlin Bannan; John Chodera; Andrea Rizzi; trevorgokey; David Dotson; Jaime Rodríguez-Guerra; Camila; Christopher Bayly; JoshHorton; Pavan Behara; Nathan M. Lim; SimonBoothroyd; Victoria Lim; Sukanya Sasmal; Daniel Smith; Lee-Ping Wang; Yutong Zhao,2021,software,,0,0
openff-toolkit,4323602,10.5281/zenodo.4323602,openforcefield/openforcefield: 0.8.2 Bugfix release,Jeff Wagner; David L. Mobley; Matt Thompson; Caitlin Bannan; John Chodera; Andrea Rizzi; trevorgokey; David Dotson; Jaime Rodríguez-Guerra; Camila; Christopher Bayly; JoshHorton; Pavan Behara; Nathan M. Lim; SimonBoothroyd; Victoria Lim; Sukanya Sasmal; Daniel Smith; Lee-Ping Wang; Yutong Zhao,2020,software,,0,0
openff-toolkit,4310259,10.5281/zenodo.4310259,openforcefield/openforcefield: 0.8.1 Bugfix and minor feature release,Jeff Wagner; David L. Mobley; Matt Thompson; Caitlin Bannan; John Chodera; Andrea Rizzi; trevorgokey; Josh Horton; David Dotson; Jaime Rodríguez-Guerra; Camila; Christopher Bayly; JoshHorton; Pavan Behara; Nathan M. Lim; SimonBoothroyd; Victoria Lim; Sukanya Sasmal; Daniel Smith; Lee-Ping Wang; Yutong Zhao,2020,software,,0,0
openff-toolkit,4121930,10.5281/zenodo.4121930,openforcefield/openforcefield: 0.8.0 Virtual Sites and Bond Interpolation,Jeff Wagner; David L. Mobley; Caitlin Bannan; Matt Thompson; John Chodera; Andrea Rizzi; trevorgokey; Josh Horton; David Dotson; Jaime Rodríguez-Guerra; Camila; Christopher Bayly; JoshHorton; Pavan Behara; Nathan M. Lim; SimonBoothroyd; Victoria Lim; Sukanya Sasmal; Daniel Smith; Lee-Ping Wang; Yutong Zhao,2020,software,,0,0
openff-toolkit,4057038,10.5281/zenodo.4057038,openforcefield/openforcefield: 0.7.2 Bugfix and minor feature release,Jeff Wagner; David L. Mobley; Caitlin Bannan; John Chodera; Andrea Rizzi; Matt Thompson; Josh Horton; David Dotson; Jaime Rodríguez-Guerra; Camila; Christopher Bayly; JoshHorton; trevorgokey; Nathan M. Lim; Victoria Lim; Pavan Behara; SimonBoothroyd; Sukanya Sasmal; Daniel Smith; Lee-Ping; Yutong Zhao,2020,software,,0,0
openff-toolkit,3955111,10.5281/zenodo.3955111,openforcefield/openforcefield: 0.7.1 OETK2020 Compatibility and Minor Update,Jeff Wagner; David L. Mobley; John Chodera; Caitlin Bannan; Andrea Rizzi; Matt Thompson; Josh Horton; David Dotson; Camila; Jaime Rodríguez-Guerra; Christopher Bayly; JoshHorton; Nathan M. Lim; trevorgokey; Victoria Lim; SimonBoothroyd; Sukanya Sasmal; Daniel Smith; Lee-Ping; Yutong Zhao,2020,software,2022,1,1
openff-toolkit,3541134,10.5281/zenodo.3541134,openforcefield/openforcefield: 0.6.0 Library Charges,Jeff Wagner; David L. Mobley; John Chodera; Caitlin Bannan; Andrea Rizzi; Camila; Christopher Bayly; Nathan M. Lim; Victoria Lim; Sukanya Sasmal; Jaime Rodríguez-Guerra; Yutong Zhao; Lee-Ping,2019,software,,0,0
openff-toolkit,3459808,10.5281/zenodo.3459808,openforcefield/openforcefield: 0.5.1 Adding the parameter coverage example notebook,Jeff Wagner; David L. Mobley; John Chodera; Caitlin Bannan; Andrea Rizzi; Camila; Christopher Bayly; SimonBoothroyd; Nathan M. Lim; Victoria Lim; Jaime Rodríguez-Guerra; Yutong Zhao; Lee-Ping,2019,software,,0,0
openff-toolkit,3369469,10.5281/zenodo.3369469,openforcefield/openforcefield: 0.5.0 GBSA support and quality-of-life improvements,Jeff Wagner; David L. Mobley; John Chodera; Caitlin Bannan; Andrea Rizzi; Camila; Christopher Bayly; SimonBoothroyd; Nathan M. Lim; Victoria Lim; Yutong Zhao; Lee-Ping,2019,software,,0,0
openff-toolkit,3266364,10.5281/zenodo.3266364,openforcefield/openforcefield: 0.4.1 Bugfix Release,David L. Mobley; Jeff Wagner; John Chodera; Caitlin Bannan; Andrea Rizzi; Camila; Christopher Bayly; SimonBoothroyd; Nathan M. Lim; Victoria Lim; Yutong Zhao; Lee-Ping,2019,software,,0,0
openff-toolkit,3242715,10.5281/zenodo.3242715,openforcefield/openforcefield: 0.4.0 Performance optimizations and support for SMIRNOFF 0.3 specification,David L. Mobley; Jeff Wagner; John Chodera; Caitlin Bannan; Andrea Rizzi; Camila; Christopher Bayly; SimonBoothroyd; Nathan M. Lim; Victoria Lim; Yutong Zhao; Lee-Ping,2019,software,,0,0
openff-toolkit,2881696,10.5281/zenodo.2881696,openforcefield/openforcefield: 0.3.0 API Improvements,David L. Mobley; Caitlin Bannan; John Chodera; Jeff Wagner; Andrea Rizzi; Camila; Christopher Bayly; Nathan M. Lim; SimonBoothroyd; Victoria Lim; Yutong Zhao; Lee-Ping,2019,software,,0,0
openff-toolkit,2650497,10.5281/zenodo.2650497,openforcefield/openforcefield: 0.2.2 Bugfix Release,David L. Mobley; Caitlin Bannan; John Chodera; Jeff Wagner; Andrea Rizzi; Camila; Christopher Bayly; Nathan M. Lim; Victoria Lim; SimonBoothroyd; Yutong Zhao; Lee-Ping,2019,software,,0,0
openff-toolkit,2638379,10.5281/zenodo.2638379,openforcefield/openforcefield: Bigfix release,David L. Mobley; Caitlin Bannan; John Chodera; Jeff Wagner; Andrea Rizzi; Camila; Christopher Bayly; Nathan M. Lim; Victoria Lim; SimonBoothroyd; Yutong Zhao; Lee-Ping,2019,software,,0,0
openff-toolkit,2631942,10.5281/zenodo.2631942,openforcefield/openforcefield: Initial RDKit support,David L. Mobley; Caitlin Bannan; John Chodera; Jeff Wagner; Andrea Rizzi; Camila; Christopher Bayly; Nathan M. Lim; Victoria Lim; SimonBoothroyd; Yutong Zhao; Lee-Ping,2019,software,,0,0
openff-toolkit,1295724,10.5281/zenodo.1295724,openforcefield/openforcefield: Version 0.1,David L. Mobley; Caitlin Bannan; John Chodera; Camila; Christopher Bayly; Andrea Rizzi; Nathan Lim; Victoria Lim,2018,software,,0,0
openff-toolkit,1186908,10.5281/zenodo.1186908,openforcefield/openforcefield: Version 0.0.4,David L. Mobley; Caitlin Bannan; John Chodera; Camila; Christopher Bayly; Andrea Rizzi; Nathan Lim,2018,software,,0,0
openff-toolkit,439687,10.5281/zenodo.439687,open-forcefield-group/openforcefield: 0.0.1,David L. Mobley; Caitlin Bannan; John Chodera; Camila; cbayly13; Nathan Lim,2017,software,,0,0
openff-toolkit,583162,10.5281/zenodo.583162,open-forcefield-group/openforcefield: Version 0.0.2,David L. Mobley; Caitlin Bannan; John Chodera; Camila; cbayly13; Nathan Lim; Andrea Rizzi,2017,software,,0,0
qcsubmit,14861711,10.5281/zenodo.14861711,openforcefield/openff-qcsubmit: 0.55.0,JoshHorton; Josh Horton; Matt Thompson; SimonBoothroyd; trevorgokey; David L. Dotson; Brent Westbrook; Jeff Wagner; Josh A. Mitchell; Chapin Cavender; Alexandra McIsaac; John Chodera,2025,software,2025,1,1
qcsubmit,15466185,10.5281/zenodo.15466185,openforcefield/openff-qcsubmit: 0.56.0,JoshHorton; Josh Horton; Matt Thompson; SimonBoothroyd; trevorgokey; David L. Dotson; Brent Westbrook; Jeff Wagner; Josh A. Mitchell; Chapin Cavender; Alexandra (Lexie) McIsaac; John Chodera,2025,software,2025,1,1
qcsubmit,10565269,10.5281/zenodo.10565269,openforcefield/openff-qcsubmit: 0.50.2,JoshHorton; Josh Horton; SimonBoothroyd; trevorgokey; David L. Dotson; Matt Thompson; Josh A. Mitchell; Brent Westbrook; Jeff Wagner; Chapin Cavender; John Chodera,2024,software,2024,1,1
qcsubmit,10854686,10.5281/zenodo.10854686,openforcefield/openff-qcsubmit: 0.50.3,JoshHorton; Josh Horton; SimonBoothroyd; trevorgokey; David L. Dotson; Matt Thompson; Brent Westbrook; Josh A. Mitchell; Jeff Wagner; Chapin Cavender; John Chodera,2024,software,2024,1,1
qcsubmit,11051795,10.5281/zenodo.11051795,openforcefield/openff-qcsubmit: 0.51.0,JoshHorton; Josh Horton; SimonBoothroyd; trevorgokey; Matt Thompson; David L. Dotson; Brent Westbrook; Josh A. Mitchell; Jeff Wagner; Chapin Cavender; John Chodera,2024,software,,0,0
qcsubmit,12795584,10.5281/zenodo.12795584,openforcefield/openff-qcsubmit: 0.52.0,JoshHorton; Josh Horton; SimonBoothroyd; trevorgokey; Matt Thompson; David L. Dotson; Brent Westbrook; Jeff Wagner; Josh A. Mitchell; Chapin Cavender; John Chodera,2024,software,2024,1,1
qcsubmit,13315560,10.5281/zenodo.13315560,openforcefield/openff-qcsubmit: 0.53.0,JoshHorton; Josh Horton; SimonBoothroyd; trevorgokey; Matt Thompson; David L. Dotson; Brent Westbrook; Jeff Wagner; Josh A. Mitchell; Chapin Cavender; John Chodera,2024,software,2024,1,1
qcsubmit,14052848,10.5281/zenodo.14052848,openforcefield/openff-qcsubmit: 0.54.0,JoshHorton; Josh Horton; SimonBoothroyd; trevorgokey; Matt Thompson; David L. Dotson; Brent Westbrook; Jeff Wagner; Josh A. Mitchell; Chapin Cavender; John Chodera,2024,software,2024,1,1
qcsubmit,7510744,10.5281/zenodo.7510744,openforcefield/openff-qcsubmit: 0.4.1,JoshHorton; Josh Horton; SimonBoothroyd; trevorgokey; David Dotson; Josh A. Mitchell; Matt Thompson; Chapin Cavender; John Chodera,2023,software,,0,0
qcsubmit,8253341,10.5281/zenodo.8253341,openforcefield/openff-qcsubmit: 0.5.0,JoshHorton; Josh Horton; SimonBoothroyd; trevorgokey; David L. Dotson; Brent Westbrook; Matt Thompson; Josh A. Mitchell; Jeff Wagner; Chapin Cavender; John Chodera,2023,software,,0,0
qcsubmit,10060049,10.5281/zenodo.10060049,openforcefield/openff-qcsubmit: 0.50.0,JoshHorton; Josh Horton; SimonBoothroyd; trevorgokey; David L. Dotson; Josh A. Mitchell; Brent Westbrook; Matt Thompson; Jeff Wagner; Chapin Cavender; John Chodera,2023,software,,0,0
qcsubmit,10106441,10.5281/zenodo.10106441,openforcefield/openff-qcsubmit: 0.50.1,JoshHorton; Josh Horton; SimonBoothroyd; trevorgokey; David L. Dotson; Josh A. Mitchell; Brent Westbrook; Matt Thompson; Jeff Wagner; Chapin Cavender; John Chodera,2023,software,,0,0
qcsubmit,6338096,10.5281/zenodo.6338096,openforcefield/openff-qcsubmit: 0.3.1,Josh Horton,2022,software,,0,0
qcsubmit,7305244,10.5281/zenodo.7305244,openforcefield/openff-qcsubmit: 0.3.2,JoshHorton; Josh Horton; SimonBoothroyd; trevorgokey; David Dotson; Josh A. Mitchell; Matt Thompson; Chapin Cavender; John Chodera,2022,software,,0,0
qcsubmit,7320745,10.5281/zenodo.7320745,openforcefield/openff-qcsubmit: 0.4.0,JoshHorton; Josh Horton; SimonBoothroyd; trevorgokey; David Dotson; Josh A. Mitchell; Matt Thompson; Chapin Cavender; John Chodera,2022,software,,0,0
qcsubmit,5503442,10.5281/zenodo.5503442,openforcefield/openff-qcsubmit: 0.2.3,JoshHorton; Josh Horton; SimonBoothroyd; trevorgokey; David Dotson; John Chodera; Matt Thompson,2021,software,,0,0
qcsubmit,5571564,10.5281/zenodo.5571564,openforcefield/openff-qcsubmit: 0.2.4,JoshHorton; Josh Horton; SimonBoothroyd; trevorgokey; David Dotson; John Chodera; Matt Thompson,2021,software,,0,0
qcsubmit,5727883,10.5281/zenodo.5727883,openforcefield/openff-qcsubmit: 0.3.0,JoshHorton; Josh Horton; SimonBoothroyd; trevorgokey; David Dotson; John Chodera; Matt Thompson,2021,software,,0,0
yammbs,18350609,10.5281/zenodo.18350609,openforcefield/yammbs: 0.3.1,Matt Thompson; Brent Westbrook; Finlay Clark; Lily Wang; Alexandra (Lexie) McIsaac; James R. Baggs Eastwood,2026,software,2026,1,1
yammbs,20145322,10.5281/zenodo.20145322,openforcefield/yammbs: 0.4.0,Matt Thompson; Brent Westbrook; Ashley Mitchell; Finlay Clark; Lily Wang; Alexandra (Lexie) McIsaac; James R. Baggs Eastwood,2026,software,2026,1,1
